ICS-CERT_Number,release_date,in_ytd_window,vendor,title,cvss_severity,cwe_raw,n_cves,release_year,crypto_cwes,cat_weak_or_broken_algorithm,cat_hardcoded_secrets,cat_credential_protection,cat_key_management,cat_cert_signature_validation,cat_randomness,cat_generic_crypto,cat_no_encryption,any_crypto,agility_debt,ev_charging
ICSA-10-097-01,2010-04-07,True,ABB,ABB NETCADOPS HELP SYSTEM VULNERABILITY,Not Applicable,CWE-79,0,2010,,False,False,False,False,False,False,False,False,False,False,False
ICSA-10-147-01,2010-05-27,True,Cisco,Cisco Network Building Mediator,High,CWE-264,3,2010,,False,False,False,False,False,False,False,False,False,False,False
ICSA-10-201-01C,2010-07-20,True,Siemens,USB Malware Targeting Siemens Control Software (Update C),High,CWE-20,1,2010,,False,False,False,False,False,False,False,False,False,False,False
ICSA-10-301-01A,2010-10-28,False,Moxa,MOXA Device Manager Buffer Overflow (Update A),High,CWE-119,1,2010,,False,False,False,False,False,False,False,False,False,False,False
ICSA-10-316-01A,2010-11-12,False,Intellicom,Intellicom NetBiter WebSCADA Vulnerabilities (Update A),Not Applicable,CWE-22,0,2010,,False,False,False,False,False,False,False,False,False,False,False
ICSA-10-337-01,2010-12-03,False,Advantech,Advantech Studio Test Web Server Buffer Overflow,High,CWE-119,1,2010,,False,False,False,False,False,False,False,False,False,False,False
ICSA-11-025-01,2011-01-25,True,Other,Federal Aviation Administration GPS Testing,Not Applicable,CWE-NA,0,2011,,False,False,False,False,False,False,False,False,False,False,False
ICSA-11-041-01A,2011-02-10,True,Other,McAfee Night Dragon Report (Update A),Not Applicable,CWE-NA,0,2011,,False,False,False,False,False,False,False,False,False,False,False
ICSA-11-084-01,2011-03-25,True,Other,Solar Magnetic Storm Impact on Control Systems,Not Applicable,CWE-NA,0,2011,,False,False,False,False,False,False,False,False,False,False,False
ICSA-11-091-01A,2011-04-01,True,Siemens,Siemens Tecnomatix FactoryLink Vulnerabilities (Update A),Not Applicable,CWE-NA,0,2011,,False,False,False,False,False,False,False,False,False,False,False
ICSA-11-103-01A,2011-04-13,True,Honeywell,Honeywell ScanServer ActiveX Control (Update A),High,CWE-416,1,2011,,False,False,False,False,False,False,False,False,False,False,False
ICSA-11-108-01,2011-04-18,True,ICONICS,ICONICS GENESIS (32 & 64) Vulnerabilities,Medium,"CWE-415, CWE-190",1,2011,,False,False,False,False,False,False,False,False,False,False,False
ICSA-11-110-01,2011-04-20,True,RealFlex Technologies,RealFlex RealWin Vulnerabilities,High,CWE-680,1,2011,,False,False,False,False,False,False,False,False,False,False,False
ICSA-11-119-01,2011-04-29,True,7-Technologies,7-Technologies IGSS ODBC Remote Stack Overflow,High,CWE-119,1,2011,,False,False,False,False,False,False,False,False,False,False,False
ICSA-11-122-01,2011-05-02,True,AzeoTech,AzeoTech DAQFactory Networking Vulnerabilities,High,CWE-287,1,2011,,False,False,False,False,False,False,False,False,False,False,False
ICSA-11-126-01,2011-05-06,True,7-Technologies,7-Technologies IGSS Vulnerabilities,High,"CWE-22, CWE-119, CWE-134, CWE-121",3,2011,,False,False,False,False,False,False,False,False,False,False,False
ICSA-11-131-01,2011-05-11,True,ICONICS,ICONICS GENESIS32 and BizViz ActiveX Stack Overflow,High,CWE-119,1,2011,,False,False,False,False,False,False,False,False,False,False,False
ICSA-11-132-01A,2011-05-12,True,7-Technologies,7-Technologies IGSS Denial of Service (Update A),High,CWE-NA,1,2011,,False,False,False,False,False,False,False,False,False,False,False
ICSA-11-161-01,2011-06-10,True,Rockwell Automation,Rockwell RSLinx EDS Vulnerability,High,CWE-119,1,2011,,False,False,False,False,False,False,False,False,False,False,False
ICSA-11-168-01A,2011-06-17,True,InduSoft,InduSoft ISSymbol ActiveX Control Buffer Overflow (Update A),High,CWE-119,1,2011,,False,False,False,False,False,False,False,False,False,False,False
ICSA-11-175-02,2011-06-24,True,Siemens,Siemens WinCC Exploitable Crashes,Not Applicable,CWE-NA,0,2011,,False,False,False,False,False,False,False,False,False,False,False
ICSA-11-182-01,2011-07-01,True,ICONICS,ICONICS GENESIS32 and BizViz ActiveX Trusted Zone Vulnerability,Not Applicable,CWE-NA,0,2011,,False,False,False,False,False,False,False,False,False,False,False
ICSA-11-182-02,2011-07-01,True,ICONICS,ICONICS Login ActiveX Vulnerability,Not Applicable,CWE-NA,0,2011,,False,False,False,False,False,False,False,False,False,False,False
ICSA-11-189-01,2011-07-08,True,7-Technologies,7-Technologies IGSS Remote Memory Corruption,High,CWE-NA,1,2011,,False,False,False,False,False,False,False,False,False,False,False
ICSA-11-195-01,2011-07-14,True,Invensys,Wonderware Information Server,High,CWE-119,1,2011,,False,False,False,False,False,False,False,False,False,False,False
ICSA-11-223-01A,2011-08-11,True,Siemens,Siemens SIMATIC PLCs Reported Issues Summary (Update A),Not Applicable,CWE-NA,0,2011,,False,False,False,False,False,False,False,False,False,False,False
ICSA-11-244-01,2011-09-01,True,Siemens,Siemens WinCC Flexible Runtime Heap Overflow,High,CWE-119,1,2011,,False,False,False,False,False,False,False,False,False,False,False
ICSA-11-264-01,2011-09-21,False,AzeoTech,AzeoTech DAQFactory Stack Overflow,High,CWE-119,1,2011,,False,False,False,False,False,False,False,False,False,False,False
ICSA-11-273-01,2011-09-30,False,ICONICS,ICONICS GENESIS32 Multiple Memory Corruption,Not Applicable,CWE-NA,0,2011,,False,False,False,False,False,False,False,False,False,False,False
ICSA-11-273-02,2011-09-30,False,InduSoft,InduSoft ISSymbol ActiveX Control Buffer Overflow,High,CWE-119,1,2011,,False,False,False,False,False,False,False,False,False,False,False
ICSA-11-277-01,2011-10-04,False,Schneider Electric,Schneider Electric UnitelWay Buffer Overflow,High,CWE-119,1,2011,,False,False,False,False,False,False,False,False,False,False,False
ICSA-11-279-01,2011-10-06,False,Advantech,Advantech OPC Server Buffer Overflow,High,CWE-119,1,2011,,False,False,False,False,False,False,False,False,False,False,False
ICSA-11-279-04,2011-10-06,False,Beckhoff Automation,Beckhoff TwinCAT Read Access Violation,Medium,CWE-119,1,2011,,False,False,False,False,False,False,False,False,False,False,False
ICSA-11-285-01,2011-10-12,False,Honeywell,Honeywell TEMA Remote Installer ActiveX Vulnerability,Not Applicable,CWE-NA,0,2011,,False,False,False,False,False,False,False,False,False,False,False
ICSA-11-294-01,2011-10-21,False,Progea,Progea Movicon Power HMI Vulnerabilities,High,CWE-119,3,2011,,False,False,False,False,False,False,False,False,False,False,False
ICSA-11-307-01,2011-11-03,False,Schneider Electric,Schneider Electric Vijeo Historian Web Server Multiple Vulnerabilities,Medium,"CWE-119, CWE-79, CWE-22",4,2011,,False,False,False,False,False,False,False,False,False,False,False
ICSA-11-319-01,2011-11-15,False,InduSoft,InduSoft Web Studio Vulnerabilities,High,"CWE-287, CWE-119",2,2011,,False,False,False,False,False,False,False,False,False,False,False
ICSA-11-332-01A,2011-11-28,False,Invensys,Wonderware InBatch ActiveX Vulnerabilities (Update A),Medium,CWE-119,1,2011,,False,False,False,False,False,False,False,False,False,False,False
ICSA-11-335-01,2011-12-01,False,7-Technologies,7-Technologies Data Server Denial of Service,Medium,CWE-119,1,2011,,False,False,False,False,False,False,False,False,False,False,False
ICSA-11-353-01,2011-12-19,False,7-Technologies,7-Technologies Interactive Graphical SCADA,High,CWE-426,1,2011,,False,False,False,False,False,False,False,False,False,False,False
ICSA-11-355-01,2011-12-21,False,7-Technologies,7-Technologies IGSS Buffer Overflow,High,CWE-119,1,2011,,False,False,False,False,False,False,False,False,False,False,False
ICSA-11-355-02,2011-12-21,False,WellinTech,WellinTech KingView History Server Buffer Overflow,High,CWE-119,1,2011,,False,False,False,False,False,False,False,False,False,False,False
ICSA-11-356-01,2011-12-22,False,Siemens,Siemens Simatic HMI Authentication Vulnerabilities,High,"CWE-255, CWE-287",2,2011,,False,False,False,False,False,False,False,False,False,False,False
ICSA-11-361-01,2011-12-27,False,Siemens,Siemens Automation License Manager Vulnerabilities,Medium,"CWE-119, CWE-20, CWE-22",4,2011,,False,False,False,False,False,False,False,False,False,False,False
ICSA-12-012-01A,2012-01-12,True,Open Automation Software,Open Automation Software OPC Systems.NET Vulnerability (Update A),High,CWE-20,2,2012,,False,False,False,False,False,False,False,False,False,False,False
ICSA-12-013-01,2012-01-13,True,COPA-DATA,ING. Punzenberger COPA-DATA GMBH DoS Vulnerabilities,High,CWE-NA,2,2012,,False,False,False,False,False,False,False,False,False,False,False
ICSA-12-018-01B,2012-01-18,True,Schneider Electric,Schneider Electric Quantum Ethernet Module Hard-Coded Credentials (Update B),High,CWE-NA,1,2012,,False,False,False,False,False,False,False,False,False,False,False
ICSA-12-024-01,2012-01-24,True,Ocean Data,Ocean Data Systems Dream Reports XSS and Write Access Violation Vulnerabilities,Medium,"CWE-79, CWE-264",2,2012,,False,False,False,False,False,False,False,False,False,False,False
ICSA-12-025-02A,2012-01-25,True,7-Technologies,7-Technologies Termis DLL Hijacking (Update A),High,CWE-427,1,2012,,False,False,False,False,False,False,False,False,False,False,False
ICSA-12-030-01A,2012-01-30,True,Siemens,Siemens SIMATIC WinCC Vulnerabilities (UPDATE A),High,"CWE-287, CWE-255, CWE-79, CWE-94, CWE-20, CWE-134, CWE-399, CWE-22, CWE-119",12,2012,,False,False,False,False,False,False,False,False,False,False,False
ICSA-12-039-01,2012-02-08,True,Invensys,Invensys Wonderware HMI Reports XSS and Write Access Violation Vulnerabilities,High,"CWE-79, CWE-264",1,2012,,False,False,False,False,False,False,False,False,False,False,False
ICSA-12-047-01A,2012-02-16,True,Advantech,Advantech WebAccess Vulnerabilities (UPDATE A),High,"CWE-79, CWE-89, CWE-352, CWE-119, CWE-134, CWE-200, CWE-287",18,2012,,False,False,False,False,False,False,False,False,False,False,False
ICSA-12-062-01,2012-03-02,True,Invensys,Wonderware Information Server Multiple Vulnerabilities,High,"CWE-89, CWE-264",3,2012,,False,False,False,False,False,False,False,False,False,False,False
ICSA-12-081-01,2012-03-21,True,Invensys,Wonderware System Platform Buffer Overflows,Medium,CWE-122,2,2012,,False,False,False,False,False,False,False,False,False,False,False
ICSA-12-102-04,2012-04-11,True,Siemens,Siemens Scalance X Buffer Overflow Vulnerability,High,CWE-119,1,2012,,False,False,False,False,False,False,False,False,False,False,False
ICSA-12-122-01,2012-05-01,True,WellinTech,WellinTech KingView DLL Hijack Vulnerability,High,CWE-427,1,2012,,False,False,False,False,False,False,False,False,False,False,False
ICSA-12-129-01,2012-05-08,True,WellinTech,WellinTech KingSCADA Insecure Password Encryption,High,CWE-311,1,2012,CWE-311,False,False,False,False,False,False,False,True,True,False,False
ICSA-12-131-01,2012-05-10,True,Progea,Progea Movicon Memory Corruption Vulnerability,High,CWE-119,1,2012,,False,False,False,False,False,False,False,False,False,False,False
ICSA-12-137-02,2012-05-16,True,Advantech,Advantech Studio ISSymbol ActiveX Buffer Overflow,Medium,CWE-119,1,2012,,False,False,False,False,False,False,False,False,False,False,False
ICSA-12-138-01,2012-05-17,True,Emerson,Emerson DeltaV Multiple Vulnerabilities,Medium,"CWE-618, CWE-79, CWE-89, CWE-119, CWE-400",5,2012,,False,False,False,False,False,False,False,False,False,False,False
ICSA-12-146-01A,2012-05-25,True,RuggedCom,RuggedCom Weak Cryptography for Password Vulnerability (Update A),High,CWE-261,1,2012,CWE-261,False,False,True,False,False,False,False,False,True,True,False
ICSA-12-158-01,2012-06-06,True,Siemens,Siemens WinCC Multiple Vulnerabilities,Medium,"CWE-22, CWE-79, CWE-91",5,2012,,False,False,False,False,False,False,False,False,False,False,False
ICSA-12-171-01,2012-06-19,True,Invensys,Wonderware SuiteLink Unallocated Unicode String Vulnerability,High,CWE-121,1,2012,,False,False,False,False,False,False,False,False,False,False,False
ICSA-12-177-02,2012-06-25,True,Invensys,Invensys Wonderware InTouch 10 DLL Hijack,Medium,CWE-427,1,2012,,False,False,False,False,False,False,False,False,False,False,False
ICSA-12-185-01,2012-07-03,True,WellinTech,WellinTech KingView Multiple Vulnerabilities,High,"CWE-121, CWE-122, CWE-125, CWE-35, CWE-119",5,2012,,False,False,False,False,False,False,False,False,False,False,False
ICSA-12-205-01,2012-07-23,True,Siemens,Siemens WinCC Insecure SQL Server Authentication,High,CWE-798,1,2012,CWE-798,False,True,False,False,False,False,False,False,True,True,False
ICSA-12-205-02,2012-07-23,True,Siemens,Siemens SIMATIC STEP 7 DLL Vulnerability,Medium,CWE-114,1,2012,,False,False,False,False,False,False,False,False,False,False,False
ICSA-12-212-01,2012-07-30,True,ICONICS,ICONICS GENESIS32/BizViz Security Configurator Authentication Bypass Vulnerability,Medium,CWE-261,1,2012,CWE-261,False,False,True,False,False,False,False,False,True,True,False
ICSA-12-212-02,2012-07-30,True,Siemens,Siemens SIMATIC S7-400 PN CPU DoS,High,CWE-404,1,2012,,False,False,False,False,False,False,False,False,False,False,False
ICSA-12-228-01A,2012-08-15,True,Tridium,Tridium Niagara Vulnerabilities (Update A),Medium,"CWE-315, CWE-22, CWE-522, CWE-330",4,2012,CWE-330;CWE-522,False,False,True,False,False,True,False,False,True,True,False
ICSA-12-243-01,2012-08-30,True,GarrettCom,GarrettCom - Use of Hard-Coded Password,High,CWE-259,1,2012,CWE-259,False,True,False,False,False,False,False,False,True,True,False
ICSA-12-249-01,2012-09-05,True,Arbiter Systems,Arbiter Systems Power Sentinel Denial-of-Service Vulnerability,High,CWE-410,1,2012,,False,False,False,False,False,False,False,False,False,False,False
ICSA-12-256-01,2012-09-12,False,Siemens,Siemens WinCC WebNavigator Multiple Vulnerabilities,High,"CWE-352, CWE-425, CWE-618, CWE-79, CWE-89",5,2012,,False,False,False,False,False,False,False,False,False,False,False
ICSA-12-258-01,2012-09-14,False,IOServer,IOServer OPC Server Multiple Vulnerabilities,High,"CWE-538, CWE-22, CWE-219",1,2012,,False,False,False,False,False,False,False,False,False,False,False
ICSA-12-263-01,2012-09-19,False,Siemens,Siemens S7-1200 Insecure Storage of HTTPS CA Certificate,High,CWE-311,1,2012,CWE-311,False,False,False,False,False,False,False,True,True,False,False
ICSA-12-263-02,2012-09-19,False,ORing,ORing Industrial Networking IDS-5042/5042+ Hard-Coded Credential Vulnerability,Critical,CWE-259,1,2012,CWE-259,False,True,False,False,False,False,False,False,True,True,False
ICSA-12-265-01,2012-09-21,False,Emerson,Emerson DeltaV Buffer Overflow,Medium,CWE-120,1,2012,,False,False,False,False,False,False,False,False,False,False,False
ICSA-12-271-01,2012-09-27,False,C3-ilex,C3-ilex EOScada Multiple Vulnerabilities,Medium,"CWE-200, CWE-284, CWE-399",4,2012,,False,False,False,False,False,False,False,False,False,False,False
ICSA-12-283-02,2012-10-09,False,WellinTech,WellinTech KingView User Credentials Not Securely Hashed,Medium,CWE-311,1,2012,CWE-311,False,False,False,False,False,False,False,True,True,False,False
ICSA-12-297-01,2012-10-23,False,Tropos,Tropos Wireless Mesh Routers,Medium,CWE-331,1,2012,CWE-331,False,False,False,False,False,True,False,False,True,True,False
ICSA-12-320-01,2012-11-15,False,ABB,ABB AC500 PLC Webserver CoDeSys Vulnerability,High,CWE-121,1,2012,,False,False,False,False,False,False,False,False,False,False,False
ICSA-12-325-01,2012-11-20,False,Sinapsi,Sinapsi Devices Vulnerabilities,High,"CWE-259, CWE-89, CWE-78, CWE-287",4,2012,CWE-259,False,True,False,False,False,False,False,False,True,True,False
ICSA-12-348-01,2012-12-13,False,Invensys,Siemens ProcessSuite and Invensys Intouch Poorly Encrypted Password File,Medium,CWE-326,1,2012,CWE-326,True,False,False,False,False,False,False,False,True,True,False
ICSA-12-349-01,2012-12-14,False,Siemens,Siemens Automation License Manager Uncontrolled Resource Consumption,High,CWE-399,1,2012,,False,False,False,False,False,False,False,False,False,False,False
ICSA-12-354-01A,2012-12-19,False,RuggedCom,Ruggedcom ROS Hard-Coded RSA SSL Private Key (Update A),High,CWE-320,1,2012,CWE-320,False,False,False,True,False,False,False,False,True,True,False
ICSA-12-354-02,2012-12-19,False,Carlo Gavazzi,Carlo Gavazzi EOS Box Multiple Vulnerabilities,High,CWE-89,2,2012,,False,False,False,False,False,False,False,False,False,False,False
ICSA-13-011-03,2013-01-11,True,Rockwell Automation,Rockwell Automation ControlLogix PLC Vulnerabilities,High,"CWE-200, CWE-287, CWE-119, CWE-399",8,2013,,False,False,False,False,False,False,False,False,False,False,False
ICSA-13-014-01,2013-01-14,True,Siemens,Siemens SIMATIC RF Manager ActiveX Buffer Overflow,Medium,CWE-119,1,2013,,False,False,False,False,False,False,False,False,False,False,False
ICSA-13-016-01,2013-01-16,True,Schneider Electric,Schneider Electric Authenticated Communication Risk Vulnerability,High,CWE-287,1,2013,,False,False,False,False,False,False,False,False,False,False,False
ICSA-13-018-01,2013-01-18,True,Schneider Electric,Schneider Electric IGSS Buffer Overflow,High,CWE-121,1,2013,,False,False,False,False,False,False,False,False,False,False,False
ICSA-13-024-01,2013-01-24,True,Beijer Electronics,Beijer Electronics ADP and H-Designer Buffer Overflow Vulnerability,Medium,CWE-119,1,2013,,False,False,False,False,False,False,False,False,False,False,False
ICSA-13-042-01,2013-02-11,True,Moxa,MOXA EDR-G903 Series Multiple Vulnerabilities,Medium,"CWE-331, CWE-259",2,2013,CWE-259;CWE-331,False,True,False,False,False,True,False,False,True,True,False
ICSA-13-043-02A,2013-02-12,True,WellinTech,WellinTech KingView KingMess Buffer Overflow (Update A),High,CWE-119,1,2013,,False,False,False,False,False,False,False,False,False,False,False
ICSA-13-045-01,2013-02-14,True,Tridium,Tridium NiagaraAX Directory Traversal Vulnerability,High,CWE-22,1,2013,,False,False,False,False,False,False,False,False,False,False,False
ICSA-13-053-01,2013-02-22,True,Emerson,Emerson DeltaV Uncontroller Resource Consumption Vulnerability,Medium,CWE-400,1,2013,,False,False,False,False,False,False,False,False,False,False,False
ICSA-13-053-02A,2013-02-22,True,Honeywell,"Honeywell EBI, SymmetrE, and ComfortPoint Open Manager Station (Update A)",Medium,CWE-20,1,2013,,False,False,False,False,False,False,False,False,False,False,False
ICSA-13-067-01,2013-03-08,True,"Advantech, InduSoft",InduSoft Advantech Studio Directory Traversal,High,CWE-22,1,2013,,False,False,False,False,False,False,False,False,False,False,False
ICSA-13-067-02,2013-03-08,True,Invensys,Invensys Wonderware Win-XML Exporter Improper Input Validation Vulnerability,Medium,CWE-20,1,2013,,False,False,False,False,False,False,False,False,False,False,False
ICSA-13-077-01B,2013-03-18,True,Schneider Electric,Schneider Electric PLCs Vulnerabilities (Update B),High,"CWE-352, CWE-287",2,2013,,False,False,False,False,False,False,False,False,False,False,False
ICSA-13-079-01,2013-03-20,True,Schweitzer Engineering Laboratories,Schweitzer Engineering Laboratories AcSELerator Improper Authorization Vulnerability,Medium,CWE-284,1,2013,,False,False,False,False,False,False,False,False,False,False,False
ICSA-13-091-01,2013-04-01,True,"Wind River, GE",Wind River VxWorks SSH and Web Server and General Electric D20MX (Update A),Critical,CWE-20,5,2013,,False,False,False,False,False,False,False,False,False,False,False
ICSA-13-095-01,2013-04-05,True,Cogent Real-Time Systems Inc,Cogent Real-Time Systems Vulnerabilities,High,"CWE-755, CWE-20, CWE-763",4,2013,,False,False,False,False,False,False,False,False,False,False,False
ICSA-13-098-01,2013-04-08,True,"Canary Labs, Inc.",Canary Labs Inc Trend Link Insecure ActiveX Control Method,High,CWE-73,1,2013,,False,False,False,False,False,False,False,False,False,False,False
ICSA-13-106-01,2013-04-16,True,MatrikonOPC,MatrikonOPC Multiple Product Vulnerabilities,High,"CWE-22, CWE-388",2,2013,,False,False,False,False,False,False,False,False,False,False,False
ICSA-13-113-01,2013-04-23,True,Invensys,Wonderware Information Server Vulnerabilities,High,"CWE-20, CWE-79, CWE-89, CWE-400",4,2013,,False,False,False,False,False,False,False,False,False,False,False
ICSA-13-116-01,2013-04-26,True,Galil,Galil RIO-47100 Improper Input Validation,High,CWE-20,1,2013,,False,False,False,False,False,False,False,False,False,False,False
ICSA-13-142-01,2013-05-22,True,3S-Smart Software Solutions,3S CODESYS Gateway Use After Free,High,CWE-416,1,2013,,False,False,False,False,False,False,False,False,False,False,False
ICSA-13-149-01,2013-05-29,True,Siemens,Siemens SCALANCE Privilege Escalation Vulnerabilities (Update A),High,"CWE-287, CWE-264",2,2013,,False,False,False,False,False,False,False,False,False,False,False
ICSA-13-161-01,2013-06-10,True,IOServer,IOServer DNP3 Improper Input Validation,High,CWE-20,1,2013,,False,False,False,False,False,False,False,False,False,False,False
ICSA-13-184-01,2013-07-03,True,Alstom,Alstom Grid S1 Agile Improper Authorization,Medium,CWE-284,1,2013,,False,False,False,False,False,False,False,False,False,False,False
ICSA-13-189-01,2013-07-08,True,QNX,QNX Multiple Vulnerabilities,Medium,"CWE-120, CWE-121",2,2013,,False,False,False,False,False,False,False,False,False,False,False
ICSA-13-189-02,2013-07-08,True,"Triangle Research International, Inc.",Triangle Research Nano 10 PLC Denial of Service,High,CWE-20,1,2013,,False,False,False,False,False,False,False,False,False,False,False
ICSA-13-213-04A,2013-08-01,True,MatrikonOPC,MatrikonOPC SCADA DNP3 Master Station Improper Input Validation,High,CWE-20,1,2013,,False,False,False,False,False,False,False,False,False,False,False
ICSA-13-217-02,2013-08-05,True,Schneider Electric,"Schneider Electric Vijeo Citect, CitectSCADA, PowerLogic SCADA Vulnerability",Medium,CWE-611,1,2013,,False,False,False,False,False,False,False,False,False,False,False
ICSA-13-219-01,2013-08-07,True,Schweitzer Engineering Laboratories,Schweitzer Engineering Laboratories Improper Input Validation,High,CWE-20,2,2013,,False,False,False,False,False,False,False,False,False,False,False
ICSA-13-225-02,2013-08-13,True,OSIsoft,OSIsoft Multiple Vulnerabilities,High,CWE-119,2,2013,,False,False,False,False,False,False,False,False,False,False,False
ICSA-13-226-01,2013-08-14,True,Kepware Technologies,Kepware Technologies Improper Input Validation Vulnerability,High,CWE-20,1,2013,,False,False,False,False,False,False,False,False,False,False,False
ICSA-13-231-01B,2013-08-19,True,Sixnet,Sixnet Universal Protocol Undocumented Function Codes (Update B),High,CWE-912,1,2013,,False,False,False,False,False,False,False,False,False,False,False
ICSA-13-234-01,2013-08-22,True,Schneider Electric,Schneider Electric Trio J-Series Radio Encryption,High,CWE-321,1,2013,CWE-321,False,True,False,False,False,False,False,False,True,True,False
ICSA-13-234-02,2013-08-22,True,Software Toolbox,Top Server OPC Improper Input Validation Vulnerability,High,CWE-20,1,2013,,False,False,False,False,False,False,False,False,False,False,False
ICSA-13-240-01,2013-08-28,True,Triangle MicroWorks,Triangle MicroWorks Improper Input Validation,Medium,CWE-20,2,2013,,False,False,False,False,False,False,False,False,False,False,False
ICSA-13-259-01B,2013-09-16,False,Emerson,Emerson ROC800 Multiple Vulnerabilities (Update B),High,"CWE-294, CWE-912, CWE-798",5,2013,CWE-798,False,True,False,False,False,False,False,False,True,True,False
ICSA-13-276-01,2013-10-03,False,Invensys,Invensys Wonderware InTouch Improper Input Validation Vulnerability,Medium,CWE-20,1,2013,,False,False,False,False,False,False,False,False,False,False,False
ICSA-13-291-01B,2013-10-18,False,Other,DNP3 Implementation Vulnerability (Update B),Medium,CWE-20,0,2013,,False,False,False,False,False,False,False,False,False,False,False
ICSA-13-295-01,2013-10-22,False,WellinTech,WellinTech KingView ActiveX Vulnerabilities,Medium,"CWE-28, CWE-40",2,2013,,False,False,False,False,False,False,False,False,False,False,False
ICSA-13-297-02,2013-10-24,False,GE,GE Proficy DNP3 Improper Input Validation,Medium,CWE-20,2,2013,,False,False,False,False,False,False,False,False,False,False,False
ICSA-13-329-01,2013-11-25,False,"Triangle Research International, Inc.",Triangle Research Nano-10 PLC Improper Input Validation,High,CWE-20,1,2013,,False,False,False,False,False,False,False,False,False,False,False
ICSA-13-337-01,2013-12-03,False,Elecsys,Elecsys Director Gateway Improper Input Validation Vulnerability,Medium,CWE-20,1,2013,,False,False,False,False,False,False,False,False,False,False,False
ICSA-13-344-01,2013-12-10,False,WellinTech,WellinTech Vulnerabilities,High,"CWE-749, CWE-538",2,2013,,False,False,False,False,False,False,False,False,False,False,False
ICSA-13-346-01,2013-12-12,False,Cooper Power Systems,Cooper Power Systems Improper Input Validation Vulnerability,High,CWE-20,2,2013,,False,False,False,False,False,False,False,False,False,False,False
ICSA-13-346-02,2013-12-12,False,Cooper Power Systems,Cooper Power Systems Cybectec DNP3 Master OPC Server Improper Input Validation,High,CWE-20,1,2013,,False,False,False,False,False,False,False,False,False,False,False
ICSA-13-352-01,2013-12-18,False,NovaTech,NovaTech Orion DNP3 Improper Input Validation Vulnerability,Medium,CWE-20,2,2013,,False,False,False,False,False,False,False,False,False,False,False
ICSA-14-006-01,2014-01-06,True,Schneider Electric,Schneider Electric Telvent SAGE RTU DNP3 Improper Input Validation Vulnerability,Medium,CWE-20,1,2014,,False,False,False,False,False,False,False,False,False,False,False
ICSA-14-007-01B,2014-01-07,True,Sierra Wireless,Sierra Wireless AirLink Raven X EV-DO Vulnerabilities (Update B),High,"CWE-294, CWE-311",2,2014,CWE-311,False,False,False,False,False,False,False,True,True,False,True
ICSA-14-010-01,2014-01-10,True,MatrikonOPC,MatrikonOPC Improper Input Validation,High,CWE-20,1,2014,,False,False,False,False,False,False,False,False,False,False,False
ICSA-14-035-01,2014-02-04,True,Siemens,Siemens SIMATIC WinCC OA Multiple Vulnerabilities,Medium,"CWE-94, CWE-20, CWE-23, CWE-916",4,2014,CWE-916,True,False,False,False,False,False,False,False,True,True,False
ICSA-14-051-02,2014-02-20,True,Mitsubishi Electric Automation,Mitsubishi Electric Automation MC-WorX Suite Unsecure ActiveX Control,High,CWE-749,1,2014,,False,False,False,False,False,False,False,False,False,False,False
ICSA-14-051-03B,2014-02-20,True,Siemens,Siemens RuggedCom Uncontrolled Resource Consumption Vulnerability (Update B),Low,CWE-400,1,2014,,False,False,False,False,False,False,False,False,False,False,False
ICSA-14-058-01,2014-02-27,True,Schneider Electric,Schneider Electric Floating License Manager Vulnerability,Medium,CWE-428,1,2014,,False,False,False,False,False,False,False,False,False,False,False
ICSA-14-058-02,2014-02-27,True,Schneider Electric,Schneider Electric OFS Buffer Overflow Vulnerability,Medium,CWE-121,1,2014,,False,False,False,False,False,False,False,False,False,False,False
ICSA-14-086-01,2014-03-27,True,Schneider Electric,Schneider Electric Serial Modbus Driver Buffer Overflow,High,CWE-121,1,2014,,False,False,False,False,False,False,False,False,False,False,False
ICSA-14-086-01A,2014-03-27,True,Schneider Electric,Schneider Electric Serial Modbus Driver Buffer Overflow (Update A),High,CWE-121,1,2014,,False,False,False,False,False,False,False,False,False,False,False
ICSA-14-093-01,2014-04-03,True,Schneider Electric,Schneider Electric OPC Factory Server Buffer Overflow,Medium,CWE-122,1,2014,,False,False,False,False,False,False,False,False,False,False,False
ICSA-14-098-01,2014-04-08,True,OSIsoft,OSIsoft PI Interface for DNP3 Improper Input Validation,Medium,CWE-20,2,2014,,False,False,False,False,False,False,False,False,False,False,False
ICSA-14-098-02,2014-04-08,True,WellinTech,WellinTech KingSCADA Stack-Based Buffer Overflow,High,CWE-121,1,2014,,False,False,False,False,False,False,False,False,False,False,False
ICSA-14-098-03,2014-04-08,True,Siemens,Siemens Ruggedcom WIN Products BEAST Attack Vulnerability,Medium,CWE-20,1,2014,,False,False,False,False,False,False,False,False,False,False,False
ICSA-14-105-01,2014-04-15,True,Progea,Progea Movicon SCADA Information Disclosure Vulnerability,Medium,CWE-200,1,2014,,False,False,False,False,False,False,False,False,False,False,False
ICSA-14-107-01,2014-04-17,True,Siemens,Siemens SINEMA Vulnerabilities,Medium,"CWE-94, CWE-20, CWE-23",3,2014,,False,False,False,False,False,False,False,False,False,False,False
ICSA-14-107-02,2014-04-17,True,InduSoft,InduSoft Web Studio Directory Traversal Vulnerability,High,CWE-22,1,2014,,False,False,False,False,False,False,False,False,False,False,False
ICSA-14-128-01,2014-05-08,True,"Digi International, Inc.",Digi International OpenSSL Vulnerability,Medium,CWE-119,1,2014,,False,False,False,False,False,False,False,False,False,False,False
ICSA-14-133-02,2014-05-13,True,Emerson,Emerson DeltaV Vulnerabilities,Medium,"CWE-285, CWE-798",2,2014,CWE-798,False,True,False,False,False,False,False,False,True,True,False
ICSA-14-135-04,2014-05-15,True,Unified Automation,Unified Automation OPC SDK OpenSSL Vulnerability,Medium,CWE-119,1,2014,,False,False,False,False,False,False,False,False,False,False,False
ICSA-14-149-01,2014-05-29,True,Triangle MicroWorks,Triangle MicroWorks Uncontrolled Resource Consumption,Low,CWE-400,2,2014,,False,False,False,False,False,False,False,False,False,False,False
ICSA-14-149-02,2014-05-29,True,Cogent Real-Time Systems Inc,Cogent DataHub Vulnerabilities,High,"CWE-22, CWE-80, CWE-916",3,2014,CWE-916,True,False,False,False,False,False,False,False,True,True,False
ICSA-14-154-01,2014-06-03,True,COPA-DATA,COPA-DATA Improper Input Validation,Medium,CWE-20,2,2014,,False,False,False,False,False,False,False,False,False,False,False
ICSA-14-178-01,2014-06-27,True,Other,ICS Focused Malware,Not Applicable,CWE-NA,0,2014,,False,False,False,False,False,False,False,False,False,False,False
ICSA-14-196-01,2014-07-15,True,SUBNET Solutions Inc.,SubSTATION Server Telegyr 8979 Master Vulnerabilities,High,CWE-20,1,2014,,False,False,False,False,False,False,False,False,False,False,False
ICSA-14-198-01,2014-07-17,True,Cogent Real-Time Systems Inc,Cogent DataHub Code Injection Vulnerability,High,CWE-94,1,2014,,False,False,False,False,False,False,False,False,False,False,False
ICSA-14-202-01A,2014-07-21,True,OleumTech,OleumTech WIO Family Vulnerabilities (Update A),Medium,"CWE-20, CWE-320, CWE-338",3,2014,CWE-320;CWE-338,False,False,False,True,False,True,False,False,True,True,False
ICSA-14-238-01,2014-08-26,True,CG Automation,CG Automation Improper Input Validation,Medium,CWE-20,2,2014,,False,False,False,False,False,False,False,False,False,False,False
ICSA-14-238-02,2014-08-26,True,Schneider Electric,Schneider Electric Wonderware Vulnerabilities,Medium,"CWE-20, CWE-79, CWE-89, CWE-326",5,2014,CWE-326,True,False,False,False,False,False,False,False,True,True,False
ICSA-14-259-01A,2014-09-16,False,Schneider Electric,Schneider Electric SCADA Expert ClearSCADA Vulnerabilities (Update A),Medium,"CWE-310, CWE-287, CWE-79",3,2014,CWE-310,False,False,False,False,False,False,True,False,True,True,False
ICSA-14-275-01,2014-10-02,False,Meinberg,Meinberg Radio Clocks LANTIME M-Series XSS,High,CWE-79,1,2014,,False,False,False,False,False,False,False,False,False,False,False
ICSA-14-275-02,2014-10-02,False,Accuenergy,Accuenergy Acuvim II Authentication Vulnerabilities,High,"CWE-602, CWE-592",2,2014,,False,False,False,False,False,False,False,False,False,False,False
ICSA-14-303-01,2014-10-30,False,Nordex,Nordex NC2 XSS Vulnerability,High,CWE-79,1,2014,,False,False,False,False,False,False,False,False,False,False,False
ICSA-14-303-02,2014-10-30,False,Elipse,Elipse SCADA DNP3 Denial of Service,Medium,CWE-400,1,2014,,False,False,False,False,False,False,False,False,False,False,False
ICSA-14-329-01,2014-11-25,False,MatrikonOPC,MatrikonOPC for DNP Unhandled C++ Exception,Medium,CWE-754,1,2014,,False,False,False,False,False,False,False,False,False,False,False
ICSA-14-329-02D,2014-11-25,False,Siemens,"Siemens SIMATIC WinCC, PCS7, and TIA Portal Vulnerabilities (Update D)",High,CWE-284,2,2014,,False,False,False,False,False,False,False,False,False,False,False
ICSA-14-343-02,2014-12-09,False,Trihedral Engineering Limited,Trihedral Engineering Limited VTScada Integer Overflow Vulnerability,High,CWE-190,1,2014,,False,False,False,False,False,False,False,False,False,False,False
ICSA-14-345-01,2014-12-11,False,Arbiter Systems,Arbiter Systems 1094B GPS Clock Spoofing Vulnerability,Medium,CWE-345,1,2014,CWE-345,False,False,False,False,True,False,False,False,True,True,False
ICSA-14-350-01,2014-12-16,False,Schneider Electric,Schneider Electric ProClima Command Injection Vulnerabilities,High,CWE-77,5,2014,,False,False,False,False,False,False,False,False,False,False,False
ICSA-14-352-01,2014-12-18,False,Honeywell,Honeywell Experion PKS Vulnerabilities,High,"CWE-122, CWE-98, CWE-22, CWE-121, CWE-123",5,2014,,False,False,False,False,False,False,False,False,False,False,False
ICSA-14-353-01-SupplementA,2014-12-19,False,Other,Network Time Protocol Vulnerabilities (Supplement Update A),High,CWE-119,3,2014,,False,False,False,False,False,False,False,False,False,False,False
ICSA-15-006-01,2015-01-06,True,Eaton'S Cooper Power Systems,Eaton's Cooper Power Series Form 6 Control and Idea/IdeaPlus Relays with Ethernet Vulnerability,High,CWE-342,1,2015,,False,False,False,False,False,False,False,False,False,False,False
ICSA-15-008-01A,2015-01-08,True,Emerson,Emerson HART DTM Vulnerability (Update A),Low,CWE-20,1,2015,,False,False,False,False,False,False,False,False,False,False,False
ICSA-15-008-02,2015-01-08,True,Schneider Electric,Schneider Electric Wonderware InTouch Access Anywhere Server Buffer Overflow Vulnerability,Critical,CWE-121,1,2015,,False,False,False,False,False,False,False,False,False,False,False
ICSA-15-012-01C,2015-01-12,True,CodeWrights GmbH,CodeWrights GmbH HART Device DTM Vulnerability (Update C),Low,CWE-20,1,2015,,False,False,False,False,False,False,False,False,False,False,False
ICSA-15-013-01,2015-01-13,True,Siemens,Siemens SIMATIC WinCC Sm@rtClient iOS Application Authentication Vulnerabilities,Medium,"CWE-287, CWE-522",3,2015,CWE-522,False,False,True,False,False,False,False,False,True,True,False
ICSA-15-013-04A,2015-01-13,True,GE,GE Multilink Switch Vulnerabilities (Update A),High,"CWE-79, CWE-400, CWE-321",3,2015,CWE-321,False,True,False,False,False,False,False,False,True,True,False
ICSA-15-020-01,2015-01-20,True,Siemens,Siemens SCALANCE X-300/X408 Switch Family DOS Vulnerabilities,High,CWE-730,2,2015,,False,False,False,False,False,False,False,False,False,False,False
ICSA-15-020-02,2015-01-20,True,Schneider Electric,Schneider Electric ETG3000 FactoryCast HMI Gateway Vulnerabilities,Critical,"CWE-306, CWE-798",2,2015,CWE-798,False,True,False,False,False,False,False,False,True,True,False
ICSA-15-027-01,2015-01-27,True,Magnetrol,Magnetrol HART DTM Vulnerability,Low,CWE-20,1,2015,,False,False,False,False,False,False,False,False,False,False,False
ICSA-15-029-01,2015-01-29,True,Honeywell,Honeywell HART DTM Vulnerability,Low,CWE-20,1,2015,,False,False,False,False,False,False,False,False,False,False,False
ICSA-15-034-01,2015-02-03,True,Siemens,Siemens SCALANCE X-200IRT Switch Family User Impersonation Vulnerability,Medium,CWE-287,1,2015,,False,False,False,False,False,False,False,False,False,False,False
ICSA-15-034-02,2015-02-03,True,Siemens,Siemens Ruggedcom WIN Vulnerability,High,"CWE-287, CWE-121, CWE-257",3,2015,CWE-257,False,False,True,False,False,False,False,False,True,True,False
ICSA-15-036-01A,2015-02-05,True,"GE, MACTek",GE and MACTek HART Device DTM Vulnerability (Update A),Medium,"CWE-20, CWE-121",1,2015,,False,False,False,False,False,False,False,False,False,False,False
ICSA-15-041-01,2015-02-10,True,Advantech,Advantech EKI-1200 Buffer Overflow,Critical,CWE-122,1,2015,,False,False,False,False,False,False,False,False,False,False,False
ICSA-15-041-02,2015-02-10,True,GE,GE Hydran M2 Predictable TCP Initial Sequence Vulnerability,Medium,CWE-343,1,2015,,False,False,False,False,False,False,False,False,False,False,False
ICSA-15-048-01,2015-02-17,True,Siemens,Siemens SIMATIC STEP 7 TIA Portal Vulnerabilities,Low,"CWE-264, CWE-916",2,2015,CWE-916,True,False,False,False,False,False,False,False,True,True,False
ICSA-15-048-02,2015-02-17,True,Siemens,Siemens SIMATIC WinCC TIA Portal Vulnerabilities,Medium,"CWE-522, CWE-321",2,2015,CWE-321;CWE-522,False,True,True,False,False,False,False,False,True,True,False
ICSA-15-048-03,2015-02-17,True,Yokogawa,Yokogawa HART Device DTM Vulnerability,Low,"CWE-120, CWE-20",1,2015,,False,False,False,False,False,False,False,False,False,False,False
ICSA-15-050-01A,2015-02-19,True,Siemens,Siemens SIMATIC STEP 7 TIA Portal Vulnerabilities (Update A),Low,"CWE-300, CWE-916",2,2015,CWE-916,True,False,False,False,False,False,False,False,True,True,False
ICSA-15-055-01,2015-02-24,True,Software Toolbox,Software Toolbox Top Server Resource Exhaustion Vulnerability,High,CWE-400,1,2015,,False,False,False,False,False,False,False,False,False,False,False
ICSA-15-055-02,2015-02-24,True,Kepware Technologies,Kepware Resource Exhaustion Vulnerability,High,CWE-400,1,2015,,False,False,False,False,False,False,False,False,False,False,False
ICSA-15-055-03,2015-02-24,True,Schneider Electric,Schneider Electric Invensys Positioner Buffer Overflow Vulnerability,Medium,CWE-121,1,2015,,False,False,False,False,False,False,False,False,False,False,False
ICSA-15-062-02,2015-03-03,True,Rockwell Automation,Rockwell Automation FactoryTalk DLL Hijacking Vulnerabilities,Medium,CWE-427,1,2015,,False,False,False,False,False,False,False,False,False,False,False
ICSA-15-064-01A,2015-03-05,True,Siemens,"Siemens SIMATIC HMI Basic, SINUMERIK, and Ruggedcom APE GHOST Vulnerability (Update A)",Medium,CWE-20,1,2015,,False,False,False,False,False,False,False,False,False,False,False
ICSA-15-064-02A,2015-03-05,True,Siemens,"Siemens SIMATIC ProSave, SIMATIC CFC, SIMATIC STEP 7, SIMOTION Scout, and STARTER Insufficiently Qualified Paths (Update A)",Medium,CWE-226,1,2015,,False,False,False,False,False,False,False,False,False,False,False
ICSA-15-064-04,2015-03-05,True,Siemens,Siemens SIMATIC S7-300 CPU Denial-of-Service Vulnerability,High,CWE-404,1,2015,,False,False,False,False,False,False,False,False,False,False,False
ICSA-15-069-01,2015-03-10,True,"CIMON, Inc.",Cimon CmnView DLL Hijacking Vulnerability,Critical,CWE-427,1,2015,,False,False,False,False,False,False,False,False,False,False,False
ICSA-15-069-02,2015-03-10,True,ABB,ABB HART Device DTM Vulnerability,Low,"CWE-120, CWE-20",1,2015,,False,False,False,False,False,False,False,False,False,False,False
ICSA-15-076-01,2015-03-17,True,XZERES,XZERES 442SR Wind Turbine Vulnerability,Critical,CWE-352,1,2015,,False,False,False,False,False,False,False,False,False,False,False
ICSA-15-085-01A,2015-03-26,True,Schneider Electric,Schneider Electric InduSoft Web Studio and InTouch Machine Edition 2014 Vulnerabilities (Update A),Medium,"CWE-319, CWE-287, CWE-798",4,2015,CWE-319;CWE-798,False,True,False,False,False,False,False,True,True,True,False
ICSA-15-090-02,2015-03-31,True,Ecava,Ecava IntegraXor DLL Vulnerabilities,Medium,CWE-427,1,2015,,False,False,False,False,False,False,False,False,False,False,False
ICSA-15-092-01,2015-04-02,True,Schneider Electric,Schneider Electric VAMPSET Software Buffer Overflow Vulnerability,Medium,CWE-121,1,2015,,False,False,False,False,False,False,False,False,False,False,False
ICSA-15-097-01,2015-04-07,True,Moxa,Moxa VPort ActiveX SDK Plus Stack-Based Buffer Overflow Vulnerability,High,CWE-121,1,2015,,False,False,False,False,False,False,False,False,False,False,False
ICSA-15-099-01E,2015-04-09,True,Siemens,Siemens SIMATIC HMI Devices Vulnerabilities (Update E),Medium,"CWE-300, CWE-400, CWE-836",3,2015,,False,False,False,False,False,False,False,False,False,False,False
ICSA-15-111-01,2015-04-21,True,Emerson,Emerson AMS Device Manager SQL Injection Vulnerability,Medium,CWE-89,1,2015,,False,False,False,False,False,False,False,False,False,False,False
ICSA-15-111-02,2015-04-21,True,Rockwell Automation,Rockwell Automation RSLinx Classic Vulnerability,Medium,CWE-121,1,2015,,False,False,False,False,False,False,False,False,False,False,False
ICSA-15-132-02,2015-05-12,True,Rockwell Automation,Rockwell Automation RSView32 Weak Encryption Algorithm on Passwords,Medium,CWE-257,1,2015,CWE-257,False,False,True,False,False,False,False,False,True,True,False
ICSA-15-141-01A,2015-05-21,True,Schneider Electric,Schneider Electric OFS Server Vulnerability (Update A),Medium,CWE-427,1,2015,,False,False,False,False,False,False,False,False,False,False,False
ICSA-15-146-01,2015-05-26,True,Mitsubishi Electric,Mitsubishi Electric MELSEC FX-Series Controllers Denial of Service,High,CWE-233,1,2015,,False,False,False,False,False,False,False,False,False,False,False
ICSA-15-153-01,2015-06-02,True,Beckwith Electric,Beckwith Electric TCP Initial Sequence Vulnerability,Medium,CWE-342,1,2015,,False,False,False,False,False,False,False,False,False,False,False
ICSA-15-153-02,2015-06-02,True,Moxa,Moxa SoftCMS Buffer Overflow Vulnerability,High,CWE-121,1,2015,,False,False,False,False,False,False,False,False,False,False,False
ICSA-15-160-02,2015-06-09,True,Sinapsi,Sinapsi eSolar Light Plaintext Passwords Vulnerability,High,CWE-256,1,2015,CWE-256,False,False,True,False,False,False,False,False,True,True,False
ICSA-15-162-01A,2015-06-11,True,RLE Nova-Wind,RLE Nova-Wind Turbine HMI Unsecure Credentials Vulnerability (Update A),Critical,CWE-256,1,2015,CWE-256,False,False,True,False,False,False,False,False,True,True,False
ICSA-15-167-01,2015-06-16,True,GarrettCom,GarrettCom Magnum Series Devices Vulnerabilities,Medium,"CWE-79, CWE-472, CWE-798",4,2015,CWE-798,False,True,False,False,False,False,False,False,True,True,False
ICSA-15-169-01B,2015-06-18,True,Wind River,Wind River VXWorks TCP Predictability Vulnerability in ICS Devices (Update B),Medium,CWE-343,1,2015,,False,False,False,False,False,False,False,False,False,False,False
ICSA-15-169-02,2015-06-18,True,Schneider Electric,Schneider Electric Wonderware System Platform Vulnerabilities,High,CWE-427,1,2015,,False,False,False,False,False,False,False,False,False,False,False
ICSA-15-176-02,2015-06-25,True,PACTware Consortium,PACTware Exceptional Conditions Vulnerability,Low,CWE-703,1,2015,,False,False,False,False,False,False,False,False,False,False,False
ICSA-15-181-02A,2015-06-30,True,SMA Solar Technology AG,SMA Solar Technology AG Sunny WebBox Hard-Coded Account Vulnerability (Update A),Critical,CWE-798,1,2015,CWE-798,False,True,False,False,False,False,False,False,True,True,False
ICSA-15-195-01,2015-07-14,True,Siemens,Siemens SICAM MIC Authentication Bypass Vulnerability,High,CWE-592,1,2015,,False,False,False,False,False,False,False,False,False,False,False
ICSA-15-202-02,2015-07-21,True,Siemens,Siemens Sm@rtClient Password Storage Vulnerability,Low,CWE-522,1,2015,CWE-522,False,False,True,False,False,False,False,False,True,True,False
ICSA-15-202-03B,2015-07-21,True,Siemens,Siemens RUGGEDCOM ROS and ROX-based Devices TLS POODLE Vulnerability (Update B),Medium,CWE-310,1,2015,CWE-310,False,False,False,False,False,False,True,False,True,True,False
ICSA-15-211-01,2015-07-30,True,Schneider Electric,Schneider Electric InduSoft Web Studio and InTouch Machine Edition 2014 Password Storage Vulnerability,Medium,CWE-312,1,2015,CWE-312,False,False,False,False,False,False,False,True,True,False,False
ICSA-15-223-01,2015-08-11,True,Schneider Electric,Schneider Electric IMT25 DTM Vulnerability,High,CWE-119,1,2015,,False,False,False,False,False,False,False,False,False,False,False
ICSA-15-239-01,2015-08-27,True,Moxa,Moxa SoftCMS Buffer Overflow Vulnerabilities,Medium,"CWE-120, CWE-122",2,2015,,False,False,False,False,False,False,False,False,False,False,False
ICSA-15-239-02,2015-08-27,True,Siemens,Siemens SIMATIC S7-1200 CSRF Vulnerability,Medium,CWE-352,1,2015,,False,False,False,False,False,False,False,False,False,False,False
ICSA-15-244-01,2015-09-01,True,Siemens,Siemens RUGGEDCOM ROS IP Forwarding Vulnerability,Medium,CWE-441,1,2015,,False,False,False,False,False,False,False,False,False,False,False
ICSA-15-246-01,2015-09-03,True,Cogent Real-Time Systems Inc,Cogent DataHub Code Injection Vulnerability,High,CWE-94,1,2015,,False,False,False,False,False,False,False,False,False,False,False
ICSA-15-246-02,2015-09-03,True,Schneider Electric,Schneider Electric Modicon PLC Vulnerabilities,Low,"CWE-98, CWE-79",1,2015,,False,False,False,False,False,False,False,False,False,False,False
ICSA-15-246-03,2015-09-03,True,Moxa,Moxa Industrial Managed Switch Vulnerabilities,Medium,"CWE-79, CWE-269, CWE-400",3,2015,,False,False,False,False,False,False,False,False,False,False,False
ICSA-15-251-01A,2015-09-08,True,Advantech,Advantech WebAccess Buffer Overflow Vulnerability (Update A),Critical,CWE-121,1,2015,,False,False,False,False,False,False,False,False,False,False,False
ICSA-15-258-02,2015-09-15,False,CODESYS GmbH,CODESYS Gateway Server (Update A),High,CWE-122,1,2015,,False,False,False,False,False,False,False,False,False,False,False
ICSA-15-258-03,2015-09-15,False,GE,GE MDS PulseNET Vulnerabilities,Critical,"CWE-23, CWE-798",2,2015,CWE-798,False,True,False,False,False,False,False,False,True,True,False
ICSA-15-258-04,2015-09-15,False,Advantech,Advantech WebAccess Stack-Based Buffer Overflow Vulnerability,Medium,CWE-121,1,2015,,False,False,False,False,False,False,False,False,False,False,False
ICSA-15-272-01,2015-09-29,False,Honeywell,Honeywell Experion PKS Directory Traversal Vulnerability,Critical,CWE-22,1,2015,,False,False,False,False,False,False,False,False,False,False,False
ICSA-15-286-01,2015-10-13,False,Nordex,Nordex NC2 XSS Vulnerability,Medium,CWE-79,1,2015,,False,False,False,False,False,False,False,False,False,False,False
ICSA-15-288-01,2015-10-15,False,3S-Smart Software Solutions,3S CODESYS Runtime Toolkit Null Pointer Dereference Vulnerability,High,CWE-476,1,2015,,False,False,False,False,False,False,False,False,False,False,False
ICSA-15-293-03,2015-10-20,False,3S-Smart Software Solutions,3S CODESYS Gateway Null Pointer Exception Vulnerability,High,CWE-476,1,2015,,False,False,False,False,False,False,False,False,False,False,False
ICSA-15-295-01,2015-10-22,False,Eaton,Eaton's Cooper Devices Improper Ethernet Frame Padding Vulnerability,Medium,CWE-226,1,2015,,False,False,False,False,False,False,False,False,False,False,False
ICSA-15-300-02A,2015-10-27,False,Infinite Automation Systems,Infinite Automation Systems Mango Automation Vulnerabilities (Update A),Medium,"CWE-352, CWE-79, CWE-78, CWE-89, CWE-215, CWE-204, CWE-434",7,2015,,False,False,False,False,False,False,False,False,False,False,False
ICSA-15-309-02,2015-11-05,False,Honeywell,Honeywell Midas Gas Detector Vulnerabilities,Critical,"CWE-319, CWE-22",2,2015,CWE-319,False,False,False,False,False,False,False,True,True,False,False
ICSA-15-321-01,2015-11-17,False,Exemys,Exemys Web Server Bypass Vulnerability,High,CWE-592,1,2015,,False,False,False,False,False,False,False,False,False,False,False
ICSA-15-323-01,2015-11-19,False,Tibbo,Tibbo AggreGate Platform Vulnerabilities,Critical,CWE-434,2,2015,,False,False,False,False,False,False,False,False,False,False,False
ICSA-15-328-01,2015-11-24,False,Moxa,Moxa OnCell Central Manager Vulnerabilities,High,"CWE-592, CWE-798",2,2015,CWE-798,False,True,False,False,False,False,False,False,True,True,False
ICSA-15-335-01,2015-12-01,False,Saia Burgess Controls,Saia Burgess Controls PCD Controller Hard-coded Password Vulnerability,Critical,CWE-259,1,2015,CWE-259,False,True,False,False,False,False,False,False,True,True,False
ICSA-15-335-02,2015-12-01,False,Schneider Electric,Schneider Electric ProClima ActiveX Control Vulnerabilities,Medium,CWE-94,1,2015,,False,False,False,False,False,False,False,False,False,False,False
ICSA-15-335-03,2015-12-01,False,Siemens,Siemens SIMATIC Communication Processor Vulnerability (Update C),Critical,CWE-306,1,2015,,False,False,False,False,False,False,False,False,False,False,False
ICSA-15-344-01B,2015-12-10,False,Advantech,Advantech EKI Vulnerabilities (Update B),High,"CWE-78, CWE-119, CWE-592",4,2015,,False,False,False,False,False,False,False,False,False,False,False
ICSA-15-344-02,2015-12-10,False,Open Automation Software,Open Automation Software OPC Systems NET DLL Hijacking Vulnerability,High,CWE-427,1,2015,,False,False,False,False,False,False,False,False,False,False,False
ICSA-15-351-01,2015-12-17,False,Schneider Electric,Schneider Electric Modicon M340 Buffer Overflow Vulnerability,High,CWE-121,1,2015,,False,False,False,False,False,False,False,False,False,False,False
ICSA-15-351-02,2015-12-17,False,Motorola Solutions,Motorola MOSCAD SCADA IP Gateway Vulnerabilities,High,"CWE-352, CWE-98",2,2015,,False,False,False,False,False,False,False,False,False,False,False
ICSA-15-351-03,2015-12-17,False,eWON sa,eWON Vulnerabilities,High,"CWE-255, CWE-352, CWE-274, CWE-79, CWE-613, CWE-598",6,2015,,False,False,False,False,False,False,False,False,False,False,False
ICSA-15-356-01,2015-12-22,False,Siemens,Siemens RUGGEDCOM ROX-based Devices NTP Vulnerabilities,Medium,"CWE-20, CWE-592",4,2015,,False,False,False,False,False,False,False,False,False,False,False
ICSA-16-014-01,2016-01-14,True,Advantech,Advantech WebAccess Vulnerabilities,High,"CWE-788, CWE-434, CWE-22, CWE-121, CWE-122, CWE-362, CWE-680, CWE-119, CWE-284, CWE-20, CWE-79, CWE-89, CWE-352, CWE-73, CWE-312",15,2016,CWE-312,False,False,False,False,False,False,False,True,True,False,False
ICSA-16-021-01,2016-01-21,True,CAREL,CAREL PlantVisor Enhanced Authentication Bypass Vulnerability,High,CWE-20,1,2016,,False,False,False,False,False,False,False,False,False,False,False
ICSA-16-028-01A,2016-01-28,True,Westermo,Westermo Industrial Switch Hard-coded Certificate Vulnerability (Update A),Critical,CWE-255,1,2016,,False,False,False,False,False,False,False,False,False,False,False
ICSA-16-033-02,2016-02-02,True,GE,GE SNMP/Web Interface Vulnerabilities,High,"CWE-312, CWE-77",2,2016,CWE-312,False,False,False,False,False,False,False,True,True,False,False
ICSA-16-040-01,2016-02-09,True,"Tollgrade Communications, Inc.",Tollgrade SmartGrid Sensor Management System Software Vulnerabilities,High,"CWE-352, CWE-200, CWE-79, CWE-522",4,2016,CWE-522,False,False,True,False,False,False,False,False,True,True,False
ICSA-16-040-02,2016-02-09,True,Siemens,Siemens SIMATIC S7-1500 CPU Vulnerabilities,Medium,"CWE-340, CWE-691",2,2016,CWE-340,False,False,False,False,False,True,False,False,True,True,False
ICSA-16-042-01A,2016-02-11,True,Moxa,Moxa EDR-G903 Secure Router Vulnerabilities (Update A),High,"CWE-284, CWE-401, CWE-264, CWE-400, CWE-256",5,2016,CWE-256,False,False,True,False,False,False,False,False,True,True,False
ICSA-16-049-01,2016-02-18,True,B+B SmartWorx,B+B SmartWorx VESP211 Authentication Bypass Vulnerability,Critical,CWE-603,1,2016,,False,False,False,False,False,False,False,False,False,False,False
ICSA-16-056-01,2016-02-25,True,Rockwell Automation,Rockwell Automation Integrated Architecture Builder Access Violation Memory Error,Medium,CWE-119,1,2016,,False,False,False,False,False,False,False,False,False,False,False
ICSA-16-061-02,2016-03-01,True,Rockwell Automation,Rockwell Automation Allen-Bradley CompactLogix Reflective Cross-Site Scripting Vulnerability (Update A),Medium,CWE-79,1,2016,,False,False,False,False,False,False,False,False,False,False,False
ICSA-16-063-01,2016-03-03,True,Moxa,Moxa ioLogik E2200 Series Weak Authentication Practices,Medium,"CWE-326, CWE-522",2,2016,CWE-326;CWE-522,True,False,True,False,False,False,False,False,True,True,False
ICSA-16-070-01,2016-03-10,True,Schneider Electric,Schneider Electric Telvent RTU Improper Ethernet Frame Padding Vulnerability,Medium,CWE-226,1,2016,,False,False,False,False,False,False,False,False,False,False,False
ICSA-16-070-02A,2016-03-10,True,Honeywell,Honeywell Uniformance PHD Denial Of Service (Update A),High,CWE-121,1,2016,,False,False,False,False,False,False,False,False,False,False,False
ICSA-16-075-01,2016-03-15,True,Siemens,Siemens SIMATIC S7-1200 CPU Protection Mechanism Failure,Medium,CWE-693,1,2016,,False,False,False,False,False,False,False,False,False,False,False
ICSA-16-077-01A,2016-03-17,True,ABB,ABB Panel Builder 800 DLL Hijacking Vulnerability (Update A),High,CWE-427,1,2016,,False,False,False,False,False,False,False,False,False,False,False
ICSA-16-084-01,2016-03-24,True,Cogent Real-Time Systems Inc,Cogent DataHub Elevation of Privilege Vulnerability,High,CWE-269,1,2016,,False,False,False,False,False,False,False,False,False,False,False
ICSA-16-091-01,2016-03-31,True,ICONICS,ICONICS WebHMI Directory Traversal Vulnerability,Critical,CWE-22,1,2016,,False,False,False,False,False,False,False,False,False,False,False
ICSA-16-096-01,2016-04-05,True,"Pro-face, Schneider Electric",Pro-face GP-Pro EX HMI Vulnerabilities,High,"CWE-122, CWE-125, CWE-592, CWE-121, CWE-798",4,2016,CWE-798,False,True,False,False,False,False,False,False,True,True,False
ICSA-16-103-01C,2016-04-12,True,Siemens,Siemens Industrial Products glibc Library Vulnerability (Update C),High,CWE-119,1,2016,,False,False,False,False,False,False,False,False,False,False,False
ICSA-16-103-02,2016-04-12,True,Siemens,Siemens SCALANCE S613 Denial-of-Service Vulnerability,Medium,CWE-400,1,2016,,False,False,False,False,False,False,False,False,False,False,False
ICSA-16-103-03C,2016-04-12,True,Siemens,Siemens Industrial Products DROWN Vulnerability (Update C),Medium,CWE-310,1,2016,CWE-310,False,False,False,False,False,False,True,False,True,True,False
ICSA-16-105-01,2016-04-14,True,Sierra Wireless,Sierra Wireless ACEmanager Information Exposure Vulnerability,Medium,CWE-538,1,2016,,False,False,False,False,False,False,False,False,False,False,False
ICSA-16-105-02,2016-04-14,True,Accuenergy,Accuenergy Acuvim II Series AXM-NET Module Vulnerabilities,High,"CWE-592, CWE-256",2,2016,CWE-256,False,False,True,False,False,False,False,False,True,True,False
ICSA-16-105-03,2016-04-14,True,Ecava,Ecava IntegraXor Vulnerabilities,Medium,"CWE-319, CWE-79, CWE-87, CWE-113, CWE-285, CWE-89, CWE-200",8,2016,CWE-319,False,False,False,False,False,False,False,True,True,False,False
ICSA-16-133-01A,2016-05-12,True,Meteocontrol,Meteocontrol WEB'log Vulnerabilities (Update A),Critical,"CWE-553, CWE-352, CWE-200, CWE-284",4,2016,,False,False,False,False,False,False,False,False,False,False,False
ICSA-16-140-02,2016-05-19,True,Siemens,Siemens SIPROTEC Information Disclosure Vulnerabilities (Update B),Medium,CWE-200,2,2016,,False,False,False,False,False,False,False,False,False,False,False
ICSA-16-145-01A,2016-05-24,True,Moxa,Moxa MiiNePort Vulnerabilities (Update A),High,"CWE-312, CWE-255, CWE-352",3,2016,CWE-312,False,False,False,False,False,False,False,True,True,False,False
ICSA-16-147-01B,2016-05-26,True,Environmental Systems Corporation,Environmental Systems Corporation Data Controllers Vulnerabilities (Update B),High,"CWE-287, CWE-264",2,2016,,False,False,False,False,False,False,False,False,False,False,False
ICSA-16-147-02,2016-05-26,True,Sixnet,Sixnet BT Series Hard-coded Credentials Vulnerability,Critical,CWE-798,1,2016,CWE-798,False,True,False,False,False,False,False,False,True,True,False
ICSA-16-152-01,2016-05-31,True,Moxa,Moxa UC 7408-LX-Plus Firmware Overwrite Vulnerability,Medium,CWE-306,1,2016,,False,False,False,False,False,False,False,False,False,False,False
ICSA-16-152-02,2016-05-31,True,ABB,ABB PCM600 Vulnerabilities,Low,"CWE-522, CWE-916",4,2016,CWE-522;CWE-916,True,False,True,False,False,False,False,False,True,True,False
ICSA-16-154-01,2016-06-02,True,GE,GE MultiLink Series Hard-coded Credential Vulnerability,Critical,CWE-259,1,2016,CWE-259,False,True,False,False,False,False,False,False,True,True,False
ICSA-16-159-01,2016-06-07,True,Trihedral Engineering Limited,Trihedral Engineering Limited VTScada Vulnerabilities,High,"CWE-22, CWE-125, CWE-592",3,2016,,False,False,False,False,False,False,False,False,False,False,False
ICSA-16-161-01,2016-06-09,True,Siemens,Siemens SIMATIC S7-300 Denial-of-Service Vulnerability,High,CWE-664,1,2016,,False,False,False,False,False,False,False,False,False,False,False
ICSA-16-161-02,2016-06-09,True,Siemens,Siemens SIMATIC WinCC Flexible Weakly Protected Credentials Vulnerability,Low,CWE-522,1,2016,CWE-522,False,False,True,False,False,False,False,False,True,True,False
ICSA-16-168-01,2016-06-16,True,Moxa,Moxa PT-7728 Series Switch Improper Authorization Vulnerability,High,CWE-285,1,2016,,False,False,False,False,False,False,False,False,False,False,False
ICSA-16-173-01A,2016-06-21,True,Advantech,Advantech WebAccess ActiveX Vulnerabilities (Update A),Medium,"CWE-120, CWE-200, CWE-623",3,2016,,False,False,False,False,False,False,False,False,False,False,False
ICSA-16-173-03,2016-06-21,True,Rockwell Automation,Rockwell Automation FactoryTalk EnergyMetrix Vulnerabilities,High,"CWE-89, CWE-613",2,2016,,False,False,False,False,False,False,False,False,False,False,False
ICSA-16-175-01,2016-06-23,True,Rockwell Automation,Rockwell Automation Allen-Bradley Stratix 5400 and 5410 Packet Corruption Vulnerability,Medium,CWE-399,1,2016,,False,False,False,False,False,False,False,False,False,False,False
ICSA-16-175-03,2016-06-23,True,Meinberg,Meinberg NTP Time Server Vulnerabilities,High,CWE-121,3,2016,,False,False,False,False,False,False,False,False,False,False,False
ICSA-16-182-01,2016-06-30,True,Eaton,Eaton ELCSoft Programming Software Memory Vulnerabilities,Medium,"CWE-122, CWE-121",2,2016,,False,False,False,False,False,False,False,False,False,False,False
ICSA-16-182-02B,2016-06-30,True,Siemens,Siemens SICAM PAS Information Disclosure Vulnerabilities (Update B),Low,CWE-522,2,2016,CWE-522,False,False,True,False,False,False,False,False,True,True,False
ICSA-16-187-01,2016-07-05,True,Bosch Rexroth,Rexroth Bosch BLADEcontrol-WebVIS Vulnerabilities,Medium,"CWE-79, CWE-564",2,2016,,False,False,False,False,False,False,False,False,False,False,False
ICSA-16-189-02,2016-07-07,True,Moxa,Moxa Device Server Web Console Authorization Bypass Vulnerability,High,CWE-639,1,2016,,False,False,False,False,False,False,False,False,False,False,False
ICSA-16-194-01,2016-07-12,True,"Tollgrade Communications, Inc.",Tollgrade Smart Grid EMS LightHouse Vulnerabilities,High,"CWE-425, CWE-209, CWE-306",3,2016,,False,False,False,False,False,False,False,False,False,False,False
ICSA-16-196-02,2016-07-14,True,Moxa,Moxa MGate Authentication Bypass Vulnerability,Critical,CWE-326,1,2016,CWE-326,True,False,False,False,False,False,False,False,True,True,False
ICSA-16-208-01C,2016-07-26,True,Siemens,"Siemens SIMATIC WinCC, PCS 7, and WinCC Runtime Professional Vulnerabilities (Update C)",High,CWE-20,2,2016,,False,False,False,False,False,False,False,False,False,False,False
ICSA-16-208-02,2016-07-26,True,Siemens,Siemens SIMATIC NET PC-Software Denial-of-Service Vulnerability,Medium,CWE-400,1,2016,,False,False,False,False,False,False,False,False,False,False,False
ICSA-16-208-03,2016-07-26,True,Siemens,Siemens SINEMA Remote Connect Server Cross-site Scripting Vulnerability,Medium,CWE-79,1,2016,,False,False,False,False,False,False,False,False,False,False,False
ICSA-16-215-01,2016-08-02,True,Moxa,Moxa SoftCMS SQL Injection Vulnerability,Critical,CWE-89,1,2016,,False,False,False,False,False,False,False,False,False,False,False
ICSA-16-215-02A,2016-08-02,True,Siemens,Siemens SINEMA Server Privilege Escalation Vulnerability (Update A),High,CWE-284,1,2016,,False,False,False,False,False,False,False,False,False,False,False
ICSA-16-236-01A,2016-08-23,True,Moxa,Moxa OnCell Vulnerabilities (Update A),Medium,"CWE-79, CWE-307, CWE-256",3,2016,CWE-256,False,False,True,False,False,False,False,False,True,True,False
ICSA-16-250-01,2016-09-06,True,Siemens,Siemens SIPROTEC 4 and SIPROTEC Compact Vulnerabilities,Medium,"CWE-592, CWE-400",3,2016,,False,False,False,False,False,False,False,False,False,False,False
ICSA-16-252-01,2016-09-08,True,GE,GE Bently Nevada 3500/22M Improper Authorization Vulnerability,Critical,CWE-285,1,2016,,False,False,False,False,False,False,False,False,False,False,False
ICSA-16-259-01,2016-09-15,False,Yokogawa,Yokogawa STARDOM Authentication Bypass Vulnerability,High,CWE-592,1,2016,,False,False,False,False,False,False,False,False,False,False,False
ICSA-16-259-02,2016-09-15,False,ABB,ABB DataManagerPro Credential Management Vulnerability,High,CWE-427,1,2016,,False,False,False,False,False,False,False,False,False,False,False
ICSA-16-264-01,2016-09-20,False,Moxa,Moxa Active OPC Server Unquoted Service Path Escalation Vulnerability,High,CWE-428,1,2016,,False,False,False,False,False,False,False,False,False,False,False
ICSA-16-271-01,2016-09-27,False,Siemens,Siemens SCALANCE M-800/S615 Web Vulnerability,Medium,CWE-614,1,2016,CWE-614,False,False,False,False,False,False,False,True,True,False,False
ICSA-16-273-01,2016-09-29,False,American Auto-Matrix,American Auto-Matrix Front-End Solutions Vulnerabilities,High,"CWE-98, CWE-256",2,2016,CWE-256,False,False,True,False,False,False,False,False,True,True,False
ICSA-16-278-02,2016-10-04,False,Beckhoff Automation,Beckhoff Embedded PC Images and TwinCAT Components Vulnerabilities,Critical,"CWE-749, CWE-307",2,2016,,False,False,False,False,False,False,False,False,False,False,False
ICSA-16-287-02,2016-10-13,False,Siemens,Siemens Automation License Manager Vulnerabilities,High,"CWE-22, CWE-89, CWE-400",3,2016,,False,False,False,False,False,False,False,False,False,False,False
ICSA-16-287-03,2016-10-13,False,Siemens,Siemens SIMATIC STEP 7 (TIA Portal) Information Disclosure Vulnerabilities,Low,"CWE-310, CWE-326",2,2016,CWE-310;CWE-326,True,False,False,False,False,False,True,False,True,True,False
ICSA-16-287-04,2016-10-13,False,Rockwell Automation,Rockwell Automation Stratix Denial-of-Service and Memory Leak Vulnerabilities,High,"CWE-209, CWE-20, CWE-693",4,2016,,False,False,False,False,False,False,False,False,False,False,False
ICSA-16-287-05A,2016-10-13,False,Moxa,Moxa ioLogik E1200 Series Vulnerabilities (Update A),High,"CWE-352, CWE-79, CWE-522, CWE-521",4,2016,CWE-522,False,False,True,False,False,False,False,False,True,True,False
ICSA-16-294-01,2016-10-20,False,Moxa,Moxa EDR-810 Industrial Secure Router Privilege Escalation Vulnerability,High,CWE-284,1,2016,,False,False,False,False,False,False,False,False,False,False,False
ICSA-16-299-01,2016-10-25,False,Siemens,Siemens SICAM RTU Devices Denial-of-Service Vulnerability,High,CWE-400,1,2016,,False,False,False,False,False,False,False,False,False,False,False
ICSA-16-301-01,2016-10-27,False,Honeywell,Honeywell Experion PKS Improper Input Validation Vulnerability,Low,CWE-20,1,2016,,False,False,False,False,False,False,False,False,False,False,False
ICSA-16-306-02,2016-11-01,False,IBHsoftec GmbH,IBHsoftec S7-SoftPLC CPX43 Heap-based Buffer Overflow Vulnerability,Critical,CWE-122,1,2016,,False,False,False,False,False,False,False,False,False,False,False
ICSA-16-306-03,2016-11-01,False,Schneider Electric,Schneider Electric Unity PRO Control Flow Management Vulnerability,High,CWE-691,1,2016,,False,False,False,False,False,False,False,False,False,False,False
ICSA-16-308-01,2016-11-03,False,Moxa,Moxa OnCell Security Vulnerabilities,High,"CWE-287, CWE-264",2,2016,,False,False,False,False,False,False,False,False,False,False,False
ICSA-16-308-03,2016-11-03,False,Schneider Electric,Schneider Electric IONXXXX Series Power Meter Vulnerabilities,High,"CWE-352, CWE-284",2,2016,,False,False,False,False,False,False,False,False,False,False,False
ICSA-16-313-01,2016-11-08,False,PHOENIX CONTACT,Phoenix Contact ILC PLC Authentication Vulnerabilities,High,"CWE-767, CWE-312, CWE-592",3,2016,CWE-312,False,False,False,False,False,False,False,True,True,False,False
ICSA-16-313-02,2016-11-08,False,Siemens,Siemens Industrial Products Local Privilege Escalation Vulnerability (Update I),Medium,CWE-269,1,2016,,False,False,False,False,False,False,False,False,False,False,False
ICSA-16-320-01,2016-11-15,False,Lynxspring,Lynxspring JENEsys BAS Bridge Vulnerabilities,High,"CWE-352, CWE-522, CWE-306, CWE-264",4,2016,CWE-522,False,False,True,False,False,False,False,False,True,True,False
ICSA-16-322-02,2016-11-17,False,Moxa,Moxa SoftCMS Vulnerabilities,High,"CWE-415, CWE-20, CWE-89",3,2016,,False,False,False,False,False,False,False,False,False,False,False
ICSA-16-327-01,2016-11-22,False,Siemens,Siemens SIMATIC CP 1543-1 (Update A),Medium,"CWE-20, CWE-269",2,2016,,False,False,False,False,False,False,False,False,False,False,False
ICSA-16-327-02,2016-11-22,False,Siemens,Siemens SIMATIC CP 343-1/CP 443-1 Modules and SIMATIC S7-300/S7-400 CPUs Vulnerabilities (Update B),Medium,"CWE-345, CWE-614",2,2016,CWE-345;CWE-614,False,False,False,False,True,False,False,True,True,True,False
ICSA-16-334-01,2016-11-29,False,Emerson,Emerson Liebert SiteScan XML External Entity Vulnerability,High,CWE-611,1,2016,,False,False,False,False,False,False,False,False,False,False,False
ICSA-16-334-02,2016-11-29,False,Emerson,Emerson DeltaV Easy Security Management Application Vulnerability,Medium,CWE-269,1,2016,,False,False,False,False,False,False,False,False,False,False,False
ICSA-16-334-03,2016-11-29,False,Emerson,Emerson DeltaV Wireless I/O Card Open SSH Port Vulnerability,Medium,CWE-306,1,2016,,False,False,False,False,False,False,False,False,False,False,False
ICSA-16-336-01A,2016-12-01,False,Siemens,Siemens SICAM PAS Vulnerabilities (Update A),High,"CWE-552, CWE-257, CWE-798, CWE-633",4,2016,CWE-257;CWE-798,False,True,True,False,False,False,False,False,True,True,False
ICSA-16-336-02A,2016-12-01,False,Moxa,Moxa NPort Device Vulnerabilities (Update A),High,"CWE-255, CWE-264, CWE-120, CWE-79, CWE-352, CWE-307, CWE-256, CWE-400",8,2016,CWE-256,False,False,True,False,False,False,False,False,True,True,False
ICSA-16-336-04,2016-12-01,False,Advantech,Advantech SUSIAccess Server Vulnerabilities,High,"CWE-200, CWE-22, CWE-264",3,2016,,False,False,False,False,False,False,False,False,False,False,False
ICSA-16-343-01,2016-12-08,False,Moxa,Moxa MiiNePort Session Hijack Vulnerabilities,Medium,"CWE-312, CWE-264",2,2016,CWE-312,False,False,False,False,False,False,False,True,True,False,False
ICSA-16-343-05,2016-12-08,False,Rockwell Automation,Rockwell Automation Logix5000 Programmable Automation Controller Buffer Overflow Vulnerability (Update B),Critical,CWE-121,1,2016,,False,False,False,False,False,False,False,False,False,False,False
ICSA-16-348-02,2016-12-13,False,Moxa,Moxa DACenter Vulnerabilities,High,"CWE-400, CWE-428",2,2016,,False,False,False,False,False,False,False,False,False,False,False
ICSA-16-348-04,2016-12-13,False,Siemens,Siemens SIMATIC WinCC and SIMATIC PCS 7 ActiveX Vulnerability,Medium,CWE-119,1,2016,,False,False,False,False,False,False,False,False,False,False,False
ICSA-16-348-05,2016-12-13,False,Siemens,Siemens S7-300/400 PLC Vulnerabilities (Update E),High,CWE-200,2,2016,,False,False,False,False,False,False,False,False,False,False,False
ICSA-16-350-02,2016-12-15,False,OmniMetrix,OmniMetrix OmniView Vulnerabilities,High,"CWE-319, CWE-521",2,2016,CWE-319,False,False,False,False,False,False,False,True,True,False,False
ICSA-17-012-03,2017-01-12,True,Carlo Gavazzi,Carlo Gavazzi VMU-C EM and VMU-C PV,Critical,"CWE-284, CWE-352, CWE-200",3,2017,,False,False,False,False,False,False,False,False,False,False,False
ICSA-17-026-01,2017-01-26,True,Eaton,Eaton ePDU Path Traversal Vulnerability,Medium,CWE-22,1,2017,,False,False,False,False,False,False,False,False,False,False,False
ICSA-17-031-02,2017-01-31,True,Ecava,Ecava IntegraXor,High,CWE-89,1,2017,,False,False,False,False,False,False,False,False,False,False,False
ICSA-17-033-01,2017-02-02,True,Honeywell,Honeywell XL Web II Controller Vulnerabilities,High,"CWE-269, CWE-522, CWE-23, CWE-384, CWE-256",5,2017,CWE-256;CWE-522,False,False,True,False,False,False,False,False,True,True,False
ICSA-17-038-01,2017-02-07,True,Sielco Sistemi,Sielco Sistemi Winlog SCADA Software,High,CWE-427,1,2017,,False,False,False,False,False,False,False,False,False,False,False
ICSA-17-045-02,2017-02-14,True,Geutebruck,Geutebruck IP Cameras,Critical,"CWE-288, CWE-78",2,2017,,False,False,False,False,False,False,False,False,False,False,False
ICSA-17-045-03,2017-02-14,True,Siemens,Siemens SIMATIC Authentication Bypass (Update D),Critical,CWE-287,1,2017,,False,False,False,False,False,False,False,False,False,False,False
ICSA-17-047-01,2017-02-16,True,Rockwell Automation,Rockwell Automation Connected Components Workbench,High,CWE-427,1,2017,,False,False,False,False,False,False,False,False,False,False,False
ICSA-17-047-02,2017-02-16,True,Rockwell Automation,Rockwell Automation FactoryTalk Activation,High,CWE-428,1,2017,,False,False,False,False,False,False,False,False,False,False,False
ICSA-17-054-03,2017-02-23,True,Schneider Electric,Schneider Electric Modicon M340 PLC (Update A),High,CWE-400,1,2017,,False,False,False,False,False,False,False,False,False,False,False
ICSA-17-059-01,2017-02-28,True,Siemens,Siemens RUGGEDCOM NMS,High,"CWE-352, CWE-79",2,2017,,False,False,False,False,False,False,False,False,False,False,False
ICSA-17-061-02,2017-03-02,True,Schneider Electric,Schneider Electric Conext ComBox,High,CWE-400,1,2017,,False,False,False,False,False,False,False,False,False,False,False
ICSA-17-061-03,2017-03-02,True,Siemens,Siemens SINUMERIK Integrate and SINUMERIK Operate,High,CWE-300,1,2017,,False,False,False,False,False,False,False,False,False,False,False
ICSA-17-066-01,2017-03-07,True,Schneider Electric,Schneider Electric Wonderware Intelligence,Critical,CWE-255,1,2017,,False,False,False,False,False,False,False,False,False,False,False
ICSA-17-087-01,2017-03-28,True,Siemens,Siemens RUGGEDCOM ROX I,High,"CWE-352, CWE-285, CWE-79, CWE-80",5,2017,,False,False,False,False,False,False,False,False,False,False,False
ICSA-17-087-02,2017-03-28,True,3S-Smart Software Solutions,3S-Smart Software Solutions GmbH CODESYS Web Server,Critical,"CWE-121, CWE-434",2,2017,,False,False,False,False,False,False,False,False,False,False,False
ICSA-17-089-01,2017-03-30,True,Schneider Electric,Schneider Electric Wonderware InTouch Access Anywhere,High,"CWE-352, CWE-200, CWE-326",3,2017,CWE-326,True,False,False,False,False,False,False,False,True,True,False
ICSA-17-089-02,2017-03-30,True,Schneider Electric,Schneider Electric Modicon PLCs,High,"CWE-522, CWE-343, CWE-330",3,2017,CWE-330;CWE-522,False,False,True,False,False,True,False,False,True,True,False
ICSA-17-094-01,2017-04-04,True,Schneider Electric,Schneider Electric Interactive Graphical SCADA System Software,Medium,CWE-427,1,2017,,False,False,False,False,False,False,False,False,False,False,False
ICSA-17-094-03,2017-04-04,True,Rockwell Automation,Rockwell Automation Allen-Bradley Stratix and Allen-Bradley ArmorStratix,Critical,CWE-20,1,2017,,False,False,False,False,False,False,False,False,False,False,False
ICSA-17-094-04,2017-04-04,True,Rockwell Automation,Rockwell Automation Stratix 5900,Critical,"CWE-20, CWE-399, CWE-200, CWE-190, CWE-119, CWE-22, CWE-264, CWE-287, CWE-310, CWE-189, CWE-362, CWE-476",61,2017,CWE-310,False,False,False,False,False,False,True,False,True,True,False
ICSA-17-094-05,2017-04-04,True,Rockwell Automation,Rockwell Automation ControlLogix 5580 and CompactLogix 5380,Medium,CWE-400,1,2017,,False,False,False,False,False,False,False,False,False,False,False
ICSA-17-101-01,2017-04-11,True,Schneider Electric,Schneider Electric Modicon Modbus Protocol,Critical,"CWE-294, CWE-657",2,2017,,False,False,False,False,False,False,False,False,False,False,False
ICSA-17-103-02,2017-04-13,True,Schneider Electric,Schneider Electric Modicon M221 PLCs and SoMachine Basic (Update A),Critical,"CWE-693, CWE-321",2,2017,CWE-321,False,True,False,False,False,False,False,False,True,True,False
ICSA-17-115-02,2017-04-25,True,Sierra Wireless,Sierra Wireless AirLink Raven XE and XT,Critical,"CWE-352, CWE-285, CWE-522",3,2017,CWE-522,False,False,True,False,False,False,False,False,True,True,False
ICSA-17-117-01,2017-04-27,True,GE,"GE Multilin SR, UR, and URplus Protective Relays (Update B)",High,CWE-261,1,2017,CWE-261,False,False,True,False,False,False,False,False,True,True,False
ICSA-17-122-01,2017-05-02,True,Schneider Electric,Schneider Electric Wonderware Historian Client,Medium,CWE-611,1,2017,,False,False,False,False,False,False,False,False,False,False,False
ICSA-17-129-01,2017-05-09,True,Siemens,Siemens devices using the PROFINET Discovery and Configuration Protocol (Update K),Medium,CWE-20,1,2017,,False,False,False,False,False,False,False,False,False,False,False
ICSA-17-129-02,2017-05-09,True,Siemens,Siemens PROFINET DCP (Update U),Medium,CWE-400,2,2017,,False,False,False,False,False,False,False,False,False,False,False
ICSA-17-129-03,2017-05-09,True,Siemens,Siemens SIMATIC WinCC and SIMATIC WinCC Runtime Professional,Medium,CWE-20,1,2017,,False,False,False,False,False,False,False,False,False,False,False
ICSA-17-136-01,2017-05-16,True,Detcon,Detcon SiteWatch Gateway,Critical,"CWE-287, CWE-256",2,2017,CWE-256,False,False,True,False,False,False,False,False,True,True,False
ICSA-17-136-02,2017-05-16,True,Schneider Electric,Schneider Electric SoMachine HVAC,High,"CWE-121, CWE-427",2,2017,,False,False,False,False,False,False,False,False,False,False,False
ICSA-17-136-03,2017-05-16,True,Hanwha Techwin,Hanwha Techwin SRN-4000,Critical,CWE-284,1,2017,,False,False,False,False,False,False,False,False,False,False,False
ICSA-17-136-04,2017-05-16,True,Schneider Electric,Schneider Electric VAMPSET,Medium,CWE-20,1,2017,,False,False,False,False,False,False,False,False,False,False,False
ICSA-17-138-02,2017-05-18,True,Schneider Electric,Schneider Electric Wonderware InduSoft Web Studio,High,CWE-276,1,2017,,False,False,False,False,False,False,False,False,False,False,False
ICSA-17-143-01,2017-05-23,True,Moxa,Moxa OnCell,Critical,"CWE-352, CWE-307, CWE-256",3,2017,CWE-256,False,False,True,False,False,False,False,False,True,True,False
ICSA-17-152-01,2017-06-01,True,Phoenix Broadband Technologies LLC,Phoenix Broadband Technologies LLC PowerAgent SC3 Site Controller,Medium,CWE-259,1,2017,CWE-259,False,True,False,False,False,False,False,False,True,True,False
ICSA-17-157-01,2017-06-06,True,Rockwell Automation,Rockwell Automation PanelView Plus 6 700-1500,High,CWE-862,1,2017,,False,False,False,False,False,False,False,False,False,False,False
ICSA-17-164-01,2017-06-13,True,Trihedral Engineering Limited,Trihedral Engineering Limited VTScada,High,"CWE-548, CWE-79, CWE-400",3,2017,,False,False,False,False,False,False,False,False,False,False,False
ICSA-17-171-01,2017-06-20,True,Ecava,Ecava IntegraXor,High,CWE-89,1,2017,,False,False,False,False,False,False,False,False,False,False,False
ICSA-17-173-01,2017-06-22,True,Siemens,Siemens SIMATIC CP 44x-1 Redundant Network Access Modules,Critical,CWE-287,1,2017,,False,False,False,False,False,False,False,False,False,False,False
ICSA-17-173-02,2017-06-22,True,Siemens,Siemens XHQ,Medium,CWE-284,1,2017,,False,False,False,False,False,False,False,False,False,False,False
ICSA-17-180-01,2017-06-29,True,Siemens,"Siemens SIMATIC Industrial PCs, SINUMERIK Panel Control Unit, and SIMOTION P320 (Update A)",Critical,CWE-264,1,2017,,False,False,False,False,False,False,False,False,False,False,False
ICSA-17-180-02,2017-06-29,True,Schneider Electric,Schneider Electric U.motion Builder (Update A),Critical,"CWE-89, CWE-22, CWE-287, CWE-259, CWE-284, CWE-730, CWE-209, CWE-20, CWE-94",7,2017,CWE-259,False,True,False,False,False,False,False,False,True,True,False
ICSA-17-180-03,2017-06-29,True,Siemens,Siemens Viewport for Web Office Portal,Critical,CWE-287,1,2017,,False,False,False,False,False,False,False,False,False,False,False
ICSA-17-187-02,2017-07-06,True,Siemens,Siemens Reyrolle,High,"CWE-287, CWE-20, CWE-862",5,2017,,False,False,False,False,False,False,False,False,False,False,False
ICSA-17-187-03F,2017-07-06,True,Siemens,Siemens SIPROTEC 4 and SIPROTEC Compact (Update F),High,"CWE-287, CWE-20, CWE-862",6,2017,,False,False,False,False,False,False,False,False,False,False,False
ICSA-17-187-04,2017-07-06,True,Schneider Electric,Schneider Electric Wonderware ArchestrA Logger,Critical,"CWE-476, CWE-121, CWE-400",3,2017,,False,False,False,False,False,False,False,False,False,False,False
ICSA-17-192-01,2017-07-11,True,Siemens,Siemens SIMATIC Logon,Medium,CWE-787,1,2017,,False,False,False,False,False,False,False,False,False,False,False
ICSA-17-192-03,2017-07-11,True,ABB,ABB VSN300 WiFi Logger Card,High,"CWE-287, CWE-264",2,2017,,False,False,False,False,False,False,False,False,False,False,False
ICSA-17-192-06,2017-07-11,True,Schweitzer Engineering Laboratories,"Schweitzer Engineering Laboratories, Inc. SEL-3620 and SEL-3622",High,CWE-284,1,2017,,False,False,False,False,False,False,False,False,False,False,False
ICSA-17-194-01,2017-07-13,True,Siemens,Siemens SiPass integrated,Critical,"CWE-300, CWE-287, CWE-269, CWE-257",4,2017,CWE-257,False,False,True,False,False,False,False,False,True,True,False
ICSA-17-194-03,2017-07-13,True,Siemens,Siemens SIMATIC Sm@rtClient Android App,High,"CWE-288, CWE-300",2,2017,,False,False,False,False,False,False,False,False,False,False,False
ICSA-17-208-04,2017-07-27,True,Rockwell Automation,Rockwell Automation Allen-Bradley Stratix and ArmorStratix,High,CWE-119,9,2017,,False,False,False,False,False,False,False,False,False,False,False
ICSA-17-213-02,2017-08-01,True,Schneider Electric,Schneider Electric Trio TView,Critical,CWE-NA,0,2017,,False,False,False,False,False,False,False,False,False,False,False
ICSA-17-215-01,2017-08-03,True,Schneider Electric,Schneider Electric Pro-face GP-Pro EX,High,CWE-427,1,2017,,False,False,False,False,False,False,False,False,False,False,False
ICSA-17-220-02,2017-08-08,True,Moxa,Moxa SoftNVR-IA Live Viewer,High,CWE-427,1,2017,,False,False,False,False,False,False,False,False,False,False,False
ICSA-17-222-04,2017-08-10,True,Fuji Electric,Fuji Electric Monitouch V-SFT,High,"CWE-122, CWE-269, CWE-121",3,2017,,False,False,False,False,False,False,False,False,False,False,False
ICSA-17-222-05,2017-08-10,True,ABB,ABB SREA-01 and SREA-50,Critical,CWE-23,1,2017,,False,False,False,False,False,False,False,False,False,False,False
ICSA-17-234-05,2017-08-22,True,Saia Burgess Controls,Saia Burgess Controls PCD Controllers,Medium,CWE-200,1,2017,,False,False,False,False,False,False,False,False,False,False,False
ICSA-17-236-01,2017-08-24,True,Westermo,"Westermo MRD-305-DIN, MRD-315, MRD-355, and MRD-455",Critical,"CWE-352, CWE-798, CWE-321",3,2017,CWE-321;CWE-798,False,True,False,False,False,False,False,False,True,True,False
ICSA-17-241-01,2017-08-29,True,AzeoTech,AzeoTech DAQFactory,High,"CWE-276, CWE-427",2,2017,,False,False,False,False,False,False,False,False,False,False,False
ICSA-17-241-02,2017-08-29,True,Advantech,Advantech WebAccess,High,"CWE-89, CWE-119, CWE-121, CWE-122, CWE-134, CWE-287, CWE-732, CWE-266, CWE-427",9,2017,,False,False,False,False,False,False,False,False,False,False,False
ICSA-17-243-01,2017-08-31,True,Siemens,Siemens OPC UA Protocol Stack Discovery Service (Update E),High,CWE-611,1,2017,,False,False,False,False,False,False,False,False,False,False,False
ICSA-17-243-03,2017-08-31,True,Siemens,Siemens 7KM PAC Switched Ethernet,Medium,CWE-400,1,2017,,False,False,False,False,False,False,False,False,False,False,False
ICSA-17-243-04,2017-08-31,True,OPW Fuel Management Systems,OPW Fuel Management Systems SiteSentinel Integra and SiteSentinel iSite,Critical,"CWE-89, CWE-306",2,2017,,False,False,False,False,False,False,False,False,False,False,False
ICSA-17-243-05,2017-08-31,True,Moxa,Moxa SoftCMS Live Viewer,Critical,CWE-89,1,2017,,False,False,False,False,False,False,False,False,False,False,False
ICSA-17-255-01,2017-09-12,False,mySCADA Technologies,mySCADA myPRO,High,CWE-428,1,2017,,False,False,False,False,False,False,False,False,False,False,False
ICSA-17-257-01,2017-09-14,False,LOYTEC electronics GmbH,LOYTEC LVIS-3ME,High,"CWE-79, CWE-331, CWE-522, CWE-23",4,2017,CWE-331;CWE-522,False,False,True,False,False,True,False,False,True,True,False
ICSA-17-264-01,2017-09-21,False,Schneider Electric,"Schneider Electric InduSoft Web Studio, InTouch Machine Edition",Critical,CWE-306,1,2017,,False,False,False,False,False,False,False,False,False,False,False
ICSA-17-271-01,2017-09-28,False,Siemens,"Siemens Ruggedcom ROS, SCALANCE (Update B)",High,CWE-284,1,2017,,False,False,False,False,False,False,False,False,False,False,False
ICSA-17-278-01,2017-10-05,False,GE,GE CIMPLICITY (Update A),Medium,CWE-121,1,2017,,False,False,False,False,False,False,False,False,False,False,False
ICSA-17-278-02,2017-10-05,False,Siemens,Siemens 7KT PAC1200 Data Manager,Critical,CWE-288,1,2017,,False,False,False,False,False,False,False,False,False,False,False
ICSA-17-285-02,2017-10-12,False,WECON,"WECON Technology Co., Ltd. LeviStudio HMI Editor",High,CWE-121,1,2017,,False,False,False,False,False,False,False,False,False,False,False
ICSA-17-290-01,2017-10-17,False,Progea,Progea Movicon SCADA/HMI,Medium,"CWE-427, CWE-428",2,2017,,False,False,False,False,False,False,False,False,False,False,False
ICSA-17-299-02,2017-10-26,False,Rockwell Automation,Rockwell Automation Stratix 5100 (Update A),Medium,CWE-323,1,2017,CWE-323,False,False,False,True,False,False,False,False,True,True,False
ICSA-17-304-02,2017-10-31,False,Trihedral Engineering Limited,Trihedral Engineering Limited VTScada,High,"CWE-284, CWE-427",2,2017,,False,False,False,False,False,False,False,False,False,False,False
ICSA-17-306-01,2017-11-02,False,Siemens,Siemens SIMATIC PCS 7 (Update A),Medium,CWE-20,1,2017,,False,False,False,False,False,False,False,False,False,False,False
ICSA-17-306-02,2017-11-02,False,Advantech,Advantech WebAccess,High,"CWE-121, CWE-822",2,2017,,False,False,False,False,False,False,False,False,False,False,False
ICSA-17-313-02,2017-11-09,False,Schneider Electric,Schneider Electric InduSoft Web Studio and InTouch Machine Edition,Critical,CWE-121,1,2017,,False,False,False,False,False,False,False,False,False,False,False
ICSA-17-318-01,2017-11-14,False,Siemens,"Siemens SCALANCE, SIMATIC, RUGGEDCOM, and SINAMICS Products (Update F)",Medium,CWE-254,10,2017,,False,False,False,False,False,False,False,False,False,False,False
ICSA-17-318-02,2017-11-14,False,ABB,ABB TropOS (Update A),Medium,CWE-254,10,2017,,False,False,False,False,False,False,False,False,False,False,False
ICSA-17-320-01,2017-11-16,False,Moxa,"Moxa NPort 5110, 5130, and 5150",High,"CWE-200, CWE-74, CWE-400",3,2017,,False,False,False,False,False,False,False,False,False,False,False
ICSA-17-320-02,2017-11-16,False,Siemens,Siemens SICAM,Critical,"CWE-94, CWE-79, CWE-306",3,2017,,False,False,False,False,False,False,False,False,False,False,False
ICSA-17-332-01,2017-11-28,False,Siemens,"Siemens SCALANCE W1750D, M800, S615, and RUGGEDCOM RM1224 (Update C)",High,"CWE-119, CWE-400",4,2017,,False,False,False,False,False,False,False,False,False,False,False
ICSA-17-334-01,2017-11-30,False,Siemens,Siemens SWT3000,Medium,"CWE-288, CWE-287, CWE-20",5,2017,,False,False,False,False,False,False,False,False,False,False,False
ICSA-17-334-02,2017-11-30,False,GEOVAP,GEOVAP Reliance SCADA,Medium,CWE-79,1,2017,,False,False,False,False,False,False,False,False,False,False,False
ICSA-17-339-01,2017-12-05,False,Siemens,Siemens Industrial Products (Update S),High,CWE-20,1,2017,,False,False,False,False,False,False,False,False,False,False,False
ICSA-17-353-01,2017-12-19,False,ABB,ABB Ellipse,Medium,CWE-523,1,2017,CWE-523,False,False,False,False,False,False,False,True,True,False,False
ICSA-17-353-03,2017-12-19,False,Ecava,Ecava IntegraXor,Medium,CWE-89,2,2017,,False,False,False,False,False,False,False,False,False,False,False
ICSA-17-353-05,2017-12-19,False,WECON,"WECON Technology Co., Ltd. LeviStudio HMI Editor",High,CWE-122,1,2017,,False,False,False,False,False,False,False,False,False,False,False
ICSA-17-355-01,2017-12-21,False,Moxa,Moxa NPort W2150A and W2250A,Medium,CWE-255,1,2017,,False,False,False,False,False,False,False,False,False,False,False
ICSA-18-004-02,2018-01-04,True,Advantech,Advantech WebAccess (Update A),High,"CWE-20, CWE-22, CWE-89, CWE-121, CWE-434, CWE-822, CWE-416",7,2018,,False,False,False,False,False,False,False,False,False,False,False
ICSA-18-011-01,2018-01-11,True,WECON,"WECON Technology Co., Ltd. LeviStudio HMI Editor",Medium,"CWE-122, CWE-121",2,2018,,False,False,False,False,False,False,False,False,False,False,False
ICSA-18-011-02,2018-01-11,True,Moxa,Moxa MXview,High,CWE-428,1,2018,,False,False,False,False,False,False,False,False,False,False,False
ICSA-18-018-01,2018-01-18,True,Siemens,Siemens SIMATIC WinCC Add-On (Update A),Critical,"CWE-121, CWE-20, CWE-119, CWE-254, CWE-284",8,2018,,False,False,False,False,False,False,False,False,False,False,False
ICSA-18-023-01,2018-01-23,True,Advantech,Advantech WebAccess/SCADA,Medium,"CWE-22, CWE-89",2,2018,,False,False,False,False,False,False,False,False,False,False,False
ICSA-18-023-02,2018-01-23,True,Siemens,Siemens Industrial Products (Update A),Medium,CWE-20,1,2018,,False,False,False,False,False,False,False,False,False,False,False
ICSA-18-032-02,2018-02-01,True,3S-Smart Software Solutions GmbH,3S-Smart Software Solutions GmbH CODESYS Web Server,Critical,CWE-121,1,2018,,False,False,False,False,False,False,False,False,False,False,False
ICSA-18-044-01,2018-02-13,True,WAGO,WAGO PFC200 Series,Critical,CWE-287,1,2018,,False,False,False,False,False,False,False,False,False,False,False
ICSA-18-044-02,2018-02-13,True,Schneider Electric,Schneider Electric IGSS SCADA Software,High,CWE-815,1,2018,,False,False,False,False,False,False,False,False,False,False,False
ICSA-18-046-02,2018-02-15,True,GE,GE D60 Line Distance Relay,Critical,"CWE-119, CWE-121",2,2018,,False,False,False,False,False,False,False,False,False,False,False
ICSA-18-046-03,2018-02-15,True,Schneider Electric,Schneider Electric IGSS Mobile,Medium,"CWE-295, CWE-256",2,2018,CWE-256;CWE-295,False,False,True,False,True,False,False,False,True,True,False
ICSA-18-046-04,2018-02-15,True,Schneider Electric,Schneider Electric StruxureOn Gateway,High,CWE-434,1,2018,,False,False,False,False,False,False,False,False,False,False,False
ICSA-18-051-01,2018-02-20,True,ABB,ABB netCADOPS Web Application,Medium,CWE-200,1,2018,,False,False,False,False,False,False,False,False,False,False,False
ICSA-18-058-01,2018-02-27,True,Siemens,Siemens SIMATIC Industrial PCs (Update A),Medium,CWE-310,1,2018,CWE-310,False,False,False,False,False,False,True,False,True,True,False
ICSA-18-058-02,2018-02-27,True,Delta Electronics,Delta Electronics WPLSoft,High,"CWE-122, CWE-787, CWE-121",3,2018,,False,False,False,False,False,False,False,False,False,False,False
ICSA-18-058-03,2018-02-27,True,Emerson,Emerson ControlWave Micro Process Automation Controller,High,CWE-121,1,2018,,False,False,False,False,False,False,False,False,False,False,False
ICSA-18-060-01,2018-03-01,True,Siemens,"Siemens SIMATIC, SIMOTION, and SINUMERIK (Update A)",High,"CWE-264, CWE-121",7,2018,,False,False,False,False,False,False,False,False,False,False,False
ICSA-18-060-03,2018-03-01,True,Delta Electronics,Delta Electronics Delta Industrial Automation DOPSoft,Medium,CWE-121,1,2018,,False,False,False,False,False,False,False,False,False,False,False
ICSA-18-065-03,2018-03-06,True,Eaton,Eaton ELCSoft,Medium,CWE-20,1,2018,,False,False,False,False,False,False,False,False,False,False,False
ICSA-18-067-01,2018-03-08,True,Siemens,"Siemens SIPROTEC 4, SIPROTEC Compact, DIGSI 4, and EN100 Ethernet Module (Update D)",High,"CWE-326, CWE-306",2,2018,CWE-326,True,False,False,False,False,False,False,False,True,True,False
ICSA-18-067-02,2018-03-08,True,Siemens,"Siemens SIPROTEC 4, SIPROTEC Compact, and Reyrolle Devices using the EN100 Ethernet Communication Module Extension (Update B)",High,CWE-306,1,2018,,False,False,False,False,False,False,False,False,False,False,False
ICSA-18-072-01,2018-03-13,True,Omron,Omron CX-Supervisor (Update A),Medium,"CWE-824, CWE-415, CWE-122, CWE-787, CWE-121, CWE-822, CWE-416",7,2018,,False,False,False,False,False,False,False,False,False,False,False
ICSA-18-079-01,2018-03-20,True,Geutebruck,Geutebruck IP Cameras,Critical,"CWE-352, CWE-284, CWE-287, CWE-79, CWE-89, CWE-918",6,2018,,False,False,False,False,False,False,False,False,False,False,False
ICSA-18-079-02,2018-03-20,True,Siemens,"Siemens SIMATIC, SINUMERIK, and PROFINET IO (Update D)",Medium,CWE-20,1,2018,,False,False,False,False,False,False,False,False,False,False,False
ICSA-18-081-01,2018-03-22,True,Siemens,Siemens SIMATIC WinCC OA UI Mobile App,Medium,CWE-284,1,2018,,False,False,False,False,False,False,False,False,False,False,False
ICSA-18-081-02,2018-03-22,True,Beckhoff Automation,Beckhoff TwinCAT,High,CWE-822,1,2018,,False,False,False,False,False,False,False,False,False,False,False
ICSA-18-086-01,2018-03-27,True,Schneider Electric,"Schneider Electric Modicon Premium, Modicon Quantum, Modicon M340, and Modicon BMXNOR0200",Medium,"CWE-121, CWE-327, CWE-798",3,2018,CWE-327;CWE-798,True,True,False,False,False,False,False,False,True,True,False
ICSA-18-088-01,2018-03-29,True,WAGO,WAGO 750 Series,Medium,CWE-404,1,2018,,False,False,False,False,False,False,False,False,False,False,False
ICSA-18-088-03,2018-03-29,True,Siemens,"Siemens SIMATIC PCS 7, SIMATIC WinCC, SIMATIC WinCC Runtime Professional, and SIMATIC NET PC Software (Update G)",High,CWE-20,1,2018,,False,False,False,False,False,False,False,False,False,False,False
ICSA-18-095-02,2018-04-05,True,Moxa,Moxa MXview,High,CWE-200,1,2018,,False,False,False,False,False,False,False,False,False,False,False
ICSA-18-102-01,2018-04-12,True,Yokogawa,Yokogawa CENTUM and Exaopc,Medium,CWE-264,1,2018,,False,False,False,False,False,False,False,False,False,False,False
ICSA-18-102-02,2018-04-12,True,Rockwell Automation,Rockwell Automation FactoryTalk Activation Manager (Update B),Critical,"CWE-79, CWE-119",2,2018,,False,False,False,False,False,False,False,False,False,False,False
ICSA-18-107-01,2018-04-17,True,Schneider Electric,Schneider Electric InduSoft Web Studio and InTouch Machine Edition,Critical,CWE-121,1,2018,,False,False,False,False,False,False,False,False,False,False,False
ICSA-18-107-03,2018-04-17,True,Rockwell Automation,Rockwell Automation Stratix Services Router,Critical,"CWE-20, CWE-119, CWE-134",3,2018,,False,False,False,False,False,False,False,False,False,False,False
ICSA-18-107-04,2018-04-17,True,Rockwell Automation,Rockwell Automation Stratix and ArmorStratix Switches,Critical,"CWE-20, CWE-119, CWE-399, CWE-134",8,2018,,False,False,False,False,False,False,False,False,False,False,False
ICSA-18-107-05,2018-04-17,True,Rockwell Automation,Rockwell Automation Stratix Industrial Managed Ethernet Switch,Critical,"CWE-20, CWE-119, CWE-388, CWE-399, CWE-134",8,2018,,False,False,False,False,False,False,False,False,False,False,False
ICSA-18-109-01,2018-04-19,True,Siemens,Siemens SIMATIC WinCC OA Operator IOS App (Update A),Medium,CWE-538,1,2018,,False,False,False,False,False,False,False,False,False,False,False
ICSA-18-114-03,2018-04-24,True,Advantech,Advantech WebAccess HMI Designer,Medium,"CWE-415, CWE-122, CWE-787",3,2018,,False,False,False,False,False,False,False,False,False,False,False
ICSA-18-116-02,2018-04-26,True,WECON,"WECON Technology Co., Ltd. LeviStudio HMI Editor and PI Studio HMI Project Programmer",Medium,CWE-121,1,2018,,False,False,False,False,False,False,False,False,False,False,False
ICSA-18-128-01,2018-05-08,True,Siemens,Siemens Medium Voltage SINAMICS Products (Update A),High,CWE-20,2,2018,,False,False,False,False,False,False,False,False,False,False,False
ICSA-18-130-01,2018-05-10,True,MatrikonOPC,MatrikonOPC Explorer,Medium,CWE-552,1,2018,,False,False,False,False,False,False,False,False,False,False,False
ICSA-18-135-01,2018-05-15,True,Advantech,Advantech WebAccess,Critical,"CWE-89, CWE-548, CWE-264, CWE-22, CWE-121, CWE-122, CWE-822, CWE-73, CWE-346, CWE-269",11,2018,,False,False,False,False,False,False,False,False,False,False,False
ICSA-18-137-03,2018-05-17,True,Siemens,Siemens SIMATIC S7-400 CPU (Update A),High,CWE-20,1,2018,,False,False,False,False,False,False,False,False,False,False,False
ICSA-18-137-04,2018-05-17,True,Delta Electronics,Delta Electronics Delta Industrial Automation TPEditor (Update A),High,CWE-122,1,2018,,False,False,False,False,False,False,False,False,False,False,False
ICSA-18-144-01,2018-05-24,True,Schneider Electric,Schneider Electric Floating License Manager,Critical,"CWE-122, CWE-119, CWE-601",3,2018,,False,False,False,False,False,False,False,False,False,False,False
ICSA-18-151-02,2018-05-31,True,GE,GE MDS PulseNET and MDS PulseNET Enterprise,High,"CWE-287, CWE-611, CWE-23",3,2018,,False,False,False,False,False,False,False,False,False,False,False
ICSA-18-151-03,2018-05-31,True,Yokogawa,Yokogawa STARDOM Controllers (Update A),Critical,"CWE-79, CWE-522, CWE-384, CWE-400, CWE-798",5,2018,CWE-522;CWE-798,False,True,True,False,False,False,False,False,True,True,False
ICSA-18-156-01,2018-06-05,True,ABB,ABB IP Gateway,Critical,"CWE-352, CWE-287, CWE-256",3,2018,CWE-256,False,False,True,False,False,False,False,False,True,True,False
ICSA-18-158-01,2018-06-07,True,Rockwell Automation,Rockwell Automation RSLinx Classic and FactoryTalk Linx Gateway,High,CWE-428,1,2018,,False,False,False,False,False,False,False,False,False,False,False
ICSA-18-163-01,2018-06-12,True,Schneider Electric,Schneider Electric U.motion Builder,Critical,"CWE-20, CWE-79, CWE-78, CWE-121",4,2018,,False,False,False,False,False,False,False,False,False,False,False
ICSA-18-163-02,2018-06-12,True,Siemens,Siemens SCALANCE X Switches (Update B),Medium,CWE-79,2,2018,,False,False,False,False,False,False,False,False,False,False,False
ICSA-18-165-01,2018-06-14,True,Siemens,"Siemens SCALANCE X Switches, RUGGEDCOM WiMAX, RFID 181-EIP, and SIMATIC RF182C (Update D)",High,CWE-122,1,2018,,False,False,False,False,False,False,False,False,False,False,False
ICSA-18-172-01,2018-06-21,True,Delta Electronics,Delta Electronics Delta Industrial Automation COMMGR,High,CWE-121,1,2018,,False,False,False,False,False,False,False,False,False,False,False
ICSA-18-172-02,2018-06-21,True,Rockwell Automation,Rockwell Automation Allen-Bradley CompactLogix and Compact GuardLogix (Update A),High,CWE-20,1,2018,,False,False,False,False,False,False,False,False,False,False,False
ICSA-18-184-01,2018-07-03,True,Rockwell Automation,Rockwell Automation Allen-Bradley Stratix 5950,High,"CWE-295, CWE-20, CWE-29, CWE-39, CWE-399",5,2018,CWE-295,False,False,False,False,True,False,False,False,True,True,False
ICSA-18-191-02,2018-07-10,True,Schweitzer Engineering Laboratories,"Schweitzer Engineering Laboratories, Inc. Compass and AcSELerator Architect",High,"CWE-611, CWE-276, CWE-400",3,2018,,False,False,False,False,False,False,False,False,False,False,False
ICSA-18-193-01,2018-07-12,True,Eaton,Eaton 9000X Drive,Medium,CWE-121,1,2018,,False,False,False,False,False,False,False,False,False,False,False
ICSA-18-198-01,2018-07-17,True,ABB,ABB Panel Builder 800,High,CWE-20,1,2018,,False,False,False,False,False,False,False,False,False,False,False
ICSA-18-198-02,2018-07-17,True,WAGO,WAGO e!DISPLAY Web-Based-Management,High,"CWE-79, CWE-732, CWE-434",3,2018,,False,False,False,False,False,False,False,False,False,False,False
ICSA-18-200-01,2018-07-19,True,AVEVA,AVEVA InduSoft Web Studio and InTouch Machine Edition,Critical,CWE-121,1,2018,,False,False,False,False,False,False,False,False,False,False,False
ICSA-18-200-02,2018-07-19,True,AVEVA,AVEVA InTouch,Critical,CWE-121,1,2018,,False,False,False,False,False,False,False,False,False,False,False
ICSA-18-200-04,2018-07-19,True,Moxa,Moxa NPort 5210 5230 5232,High,CWE-400,1,2018,,False,False,False,False,False,False,False,False,False,False,False
ICSA-18-212-03,2018-07-31,True,WECON,WECON LeviStudioU (Update A),High,"CWE-122, CWE-611, CWE-787, CWE-121",4,2018,,False,False,False,False,False,False,False,False,False,False,False
ICSA-18-212-04,2018-07-31,True,AVEVA,AVEVA InTouch Access Anywhere,Medium,CWE-79,1,2018,,False,False,False,False,False,False,False,False,False,False,False
ICSA-18-212-05,2018-07-31,True,AVEVA,AVEVA Wonderware License Server,Critical,CWE-119,1,2018,,False,False,False,False,False,False,False,False,False,False,False
ICSA-18-226-01,2018-08-14,True,Siemens,Siemens SIMATIC STEP 7 and SIMATIC WinCC (Update A),High,CWE-276,2,2018,,False,False,False,False,False,False,False,False,False,False,False
ICSA-18-226-02,2018-08-14,True,Siemens,Siemens OpenSSL Vulnerability in Industrial Products (Update E),Medium,CWE-319,1,2018,CWE-319,False,False,False,False,False,False,False,True,True,False,False
ICSA-18-226-03,2018-08-14,True,Siemens,Siemens Automation License Manager,High,"CWE-20, CWE-23",2,2018,,False,False,False,False,False,False,False,False,False,False,False
ICSA-18-228-01,2018-08-16,True,Emerson,Emerson DeltaV DCS Workstations,Critical,"CWE-269, CWE-23, CWE-121, CWE-427",4,2018,,False,False,False,False,False,False,False,False,False,False,False
ICSA-18-233-01,2018-08-21,True,Yokogawa,"Yokogawa iDefine, STARDOM, ASTPLANNER, and TriFellows",High,CWE-121,1,2018,,False,False,False,False,False,False,False,False,False,False,False
ICSA-18-240-01,2018-08-28,True,Schneider Electric,Schneider Electric Modicon M221,High,"CWE-199, CWE-264",3,2018,,False,False,False,False,False,False,False,False,False,False,False
ICSA-18-240-02,2018-08-28,True,Schneider Electric,Schneider Electric Modicon M221,Medium,CWE-754,1,2018,,False,False,False,False,False,False,False,False,False,False,False
ICSA-18-240-03,2018-08-28,True,Schneider Electric,Schneider Electric PowerLogic PM5560,High,CWE-79,1,2018,,False,False,False,False,False,False,False,False,False,False,False
ICSA-18-240-04,2018-08-28,True,ABB,ABB eSOMS (Update A),Critical,CWE-287,1,2018,,False,False,False,False,False,False,False,False,False,False,False
ICSA-18-249-01,2018-09-06,True,Ice Qube,Ice Qube Thermal Management Center,High,"CWE-287, CWE-256",2,2018,CWE-256,False,False,True,False,False,False,False,False,True,True,False
ICSA-18-254-03,2018-09-11,False,Siemens,Siemens TD Keypad Designer,High,CWE-427,1,2018,,False,False,False,False,False,False,False,False,False,False,False
ICSA-18-254-04,2018-09-11,False,Siemens,Siemens SIMATIC WinCC OA,Critical,CWE-284,1,2018,,False,False,False,False,False,False,False,False,False,False,False
ICSA-18-254-05,2018-09-11,False,Siemens,Siemens SCALANCE X Switches,High,CWE-20,1,2018,,False,False,False,False,False,False,False,False,False,False,False
ICSA-18-256-01,2018-09-13,False,Honeywell,Honeywell Mobile Computers with Android Operating Systems,High,CWE-269,1,2018,,False,False,False,False,False,False,False,False,False,False,False
ICSA-18-261-01,2018-09-18,False,WECON,WECON PLC Editor,Medium,CWE-121,1,2018,,False,False,False,False,False,False,False,False,False,False,False
ICSA-18-263-02,2018-09-20,False,Rockwell Automation,Rockwell Automation RSLinx Classic,Critical,"CWE-122, CWE-121, CWE-400",3,2018,,False,False,False,False,False,False,False,False,False,False,False
ICSA-18-270-01,2018-09-27,False,Emerson,Emerson AMS Device Manager,Critical,"CWE-284, CWE-269",2,2018,,False,False,False,False,False,False,False,False,False,False,False
ICSA-18-275-02,2018-10-02,False,GE,GE Communicator,High,CWE-122,1,2018,,False,False,False,False,False,False,False,False,False,False,False
ICSA-18-275-03,2018-10-02,False,Entes,Entes EMG 12,Critical,"CWE-287, CWE-598",2,2018,,False,False,False,False,False,False,False,False,False,False,False
ICSA-18-277-01,2018-10-04,False,WECON,WECON PI Studio (Update A),Critical,"CWE-611, CWE-125, CWE-787, CWE-121",4,2018,,False,False,False,False,False,False,False,False,False,False,False
ICSA-18-282-02,2018-10-09,False,Siemens,Siemens SCALANCE W1750D,Medium,CWE-310,1,2018,CWE-310,False,False,False,False,False,False,True,False,True,True,False
ICSA-18-282-03,2018-10-09,False,Siemens,Siemens ROX II,High,CWE-269,2,2018,,False,False,False,False,False,False,False,False,False,False,False
ICSA-18-282-04,2018-10-09,False,Siemens,Siemens SIMATIC S7-1200 CPU Family Version 4,High,CWE-352,1,2018,,False,False,False,False,False,False,False,False,False,False,False
ICSA-18-282-05,2018-10-09,False,Siemens,"Siemens SIMATIC S7-1500, SIMATIC S7-1500 Software Controller and SIMATIC ET 200SP OpenController (Update A)",Medium,CWE-20,1,2018,,False,False,False,False,False,False,False,False,False,False,False
ICSA-18-282-07,2018-10-09,False,Fuji Electric,Fuji Electric Energy Savings Estimator,High,CWE-427,1,2018,,False,False,False,False,False,False,False,False,False,False,False
ICSA-18-290-01,2018-10-17,False,Omron,Omron CX-Supervisor (Update A),High,"CWE-119, CWE-704, CWE-125, CWE-416",4,2018,,False,False,False,False,False,False,False,False,False,False,False
ICSA-18-296-01,2018-10-23,False,Advantech,Advantech WebAccess,Critical,"CWE-73, CWE-22, CWE-269, CWE-121",4,2018,,False,False,False,False,False,False,False,False,False,False,False
ICSA-18-298-01,2018-10-25,False,GEOVAP,GEOVAP Reliance 4 SCADA/HMI,Medium,CWE-79,1,2018,,False,False,False,False,False,False,False,False,False,False,False
ICSA-18-298-02,2018-10-25,False,Advantech,Advantech WebAccess,High,"CWE-284, CWE-121",2,2018,,False,False,False,False,False,False,False,False,False,False,False
ICSA-18-305-01,2018-11-01,False,AVEVA,AVEVA InduSoft Web Studio and InTouch Edge HMI (formerly InTouch Machine Edition),Critical,"CWE-258, CWE-121",2,2018,,False,False,False,False,False,False,False,False,False,False,False
ICSA-18-305-02,2018-11-01,False,Schneider Electric,Schneider Electric Software Update (SESU) (Update A),High,CWE-427,1,2018,,False,False,False,False,False,False,False,False,False,False,False
ICSA-18-310-02,2018-11-06,False,Rockwell Automation,Rockwell Automation MicroLogix 1400 Controllers and 1756 ControlLogix Communications Modules,High,CWE-306,1,2018,,False,False,False,False,False,False,False,False,False,False,False
ICSA-18-317-01,2018-11-13,False,Siemens,"Siemens IEC 61850 System Configurator, DIGSI 5, DIGSI 4, SICAM PAS/PQS, SICAM PQ Analyzer, and SICAM SCC",Medium,CWE-284,1,2018,,False,False,False,False,False,False,False,False,False,False,False
ICSA-18-317-02,2018-11-13,False,Siemens,Siemens S7-400 CPUs (Update A),High,CWE-20,1,2018,,False,False,False,False,False,False,False,False,False,False,False
ICSA-18-317-03,2018-11-13,False,Siemens,Siemens SIMATIC Panels and SIMATIC WinCC (TIA Portal),Medium,CWE-94,1,2018,,False,False,False,False,False,False,False,False,False,False,False
ICSA-18-317-04,2018-11-13,False,Siemens,Siemens SCALANCE S,Medium,CWE-79,1,2018,,False,False,False,False,False,False,False,False,False,False,False
ICSA-18-317-05,2018-11-13,False,Siemens,Siemens SIMATIC S7 (Update A),Medium,CWE-400,1,2018,,False,False,False,False,False,False,False,False,False,False,False
ICSA-18-317-06,2018-11-13,False,Siemens,Siemens SIMATIC STEP 7 (TIA Portal),Medium,CWE-256,1,2018,CWE-256,False,False,True,False,False,False,False,False,True,True,False
ICSA-18-317-07,2018-11-13,False,Siemens,Siemens SIMATIC IT Production Suite,High,CWE-287,1,2018,,False,False,False,False,False,False,False,False,False,False,False
ICSA-18-317-08,2018-11-13,False,Siemens,Siemens SIMATIC Panels,High,"CWE-22, CWE-601",2,2018,,False,False,False,False,False,False,False,False,False,False,False
ICSA-18-324-02,2018-11-20,False,Schneider Electric,Schneider Electric Modicon M221,High,CWE-345,1,2018,CWE-345,False,False,False,False,True,False,False,False,True,True,False
ICSA-18-331-01,2018-11-27,False,AVEVA,AVEVA Vijeo Citect and Citect SCADA,High,CWE-427,1,2018,,False,False,False,False,False,False,False,False,False,False,False
ICSA-18-333-01,2018-11-29,False,INVT Electric,INVT Electric VT-Designer,Medium,"CWE-502, CWE-122",2,2018,,False,False,False,False,False,False,False,False,False,False,False
ICSA-18-340-01,2018-12-06,False,GE,GE Proficy GDS,High,CWE-611,1,2018,,False,False,False,False,False,False,False,False,False,False,False
ICSA-18-345-01,2018-12-11,False,Siemens,Siemens SINAMICS PERFECT HARMONY GH180,High,CWE-284,1,2018,,False,False,False,False,False,False,False,False,False,False,False
ICSA-18-347-02,2018-12-13,False,Siemens,Siemens EN100 Ethernet Communication Module and SIPROTEC 5 Relays (Update A),High,CWE-20,2,2018,,False,False,False,False,False,False,False,False,False,False,False
ICSA-18-347-03,2018-12-13,False,Geutebruck,Geutebruck GmbH E2 Series IP Cameras,High,CWE-78,1,2018,,False,False,False,False,False,False,False,False,False,False,False
ICSA-18-347-04,2018-12-13,False,GE,"GE Mark VIe, EX2100e, EX2100e_Reg, and LS2100e",High,CWE-22,1,2018,,False,False,False,False,False,False,False,False,False,False,False
ICSA-18-352-02,2018-12-18,False,Advantech,Advantech WebAccess/SCADA,High,CWE-20,1,2018,,False,False,False,False,False,False,False,False,False,False,False
ICSA-18-352-03,2018-12-18,False,3S-Smart Software Solutions GmbH,3S-Smart Software Solutions GmbH CODESYS Control V3 Products,Critical,CWE-284,1,2018,,False,False,False,False,False,False,False,False,False,False,False
ICSA-18-352-05,2018-12-18,False,Siemens,Siemens TIM 1531 IRC Modules,Critical,CWE-306,1,2018,,False,False,False,False,False,False,False,False,False,False,False
ICSA-18-354-02,2018-12-20,False,Schneider Electric,Schneider Electric EcoStruxure,High,CWE-601,1,2018,,False,False,False,False,False,False,False,False,False,False,False
ICSA-19-003-01,2019-01-03,True,Schneider Electric,Schneider Electric Pro-face GP-Pro EX,Critical,CWE-20,1,2019,,False,False,False,False,False,False,False,False,False,False,False
ICSA-19-003-02,2019-01-03,True,Yokogawa,Yokogawa Vnet/IP Open Communication Driver,High,CWE-399,1,2019,,False,False,False,False,False,False,False,False,False,False,False
ICSA-19-008-02,2019-01-08,True,Schneider Electric,Schneider Electric IIoT Monitor (Update A),Critical,"CWE-310, CWE-22, CWE-611, CWE-434",4,2019,CWE-310,False,False,False,False,False,False,True,False,True,True,False
ICSA-19-010-01,2019-01-10,True,Emerson,Emerson DeltaV,High,CWE-307,1,2019,,False,False,False,False,False,False,False,False,False,False,False
ICSA-19-017-01,2019-01-17,True,Omron,Omron CX-Supervisor (Update A),High,"CWE-843, CWE-824, CWE-94, CWE-77, CWE-125, CWE-416",7,2019,,False,False,False,False,False,False,False,False,False,False,False
ICSA-19-017-02,2019-01-17,True,ABB,ABB CP400 Panel Builder TextEditor 2.0,High,CWE-20,1,2019,,False,False,False,False,False,False,False,False,False,False,False
ICSA-19-024-01,2019-01-24,True,Advantech,Advantech WebAccess/SCADA,Critical,"CWE-288, CWE-287, CWE-89",3,2019,,False,False,False,False,False,False,False,False,False,False,False
ICSA-19-029-01,2019-01-29,True,Yokogawa,Yokogawa License Manager Service,High,CWE-434,1,2019,,False,False,False,False,False,False,False,False,False,False,False
ICSA-19-029-03,2019-01-29,True,AVEVA,AVEVA Wonderware System Platform,High,CWE-522,1,2019,CWE-522,False,False,True,False,False,False,False,False,True,True,False
ICSA-19-036-01,2019-02-05,True,AVEVA,AVEVA InduSoft Web Studio and InTouch Edge HMI,Critical,"CWE-99, CWE-306",2,2019,,False,False,False,False,False,False,False,False,False,False,False
ICSA-19-036-02,2019-02-05,True,Rockwell Automation,Rockwell Automation EtherNet/IP Web Server Modules,Medium,CWE-20,1,2019,,False,False,False,False,False,False,False,False,False,False,False
ICSA-19-036-03,2019-02-05,True,WECON,WECON LeviStudioU (Update A),High,"CWE-122, CWE-119, CWE-121",3,2019,,False,False,False,False,False,False,False,False,False,False,False
ICSA-19-036-04,2019-02-05,True,Siemens,Siemens SIMATIC S7-1500 CPU,High,CWE-20,2,2019,,False,False,False,False,False,False,False,False,False,False,False
ICSA-19-038-01,2019-02-07,True,Siemens,Siemens SICAM A8000 RTU Series,Medium,CWE-248,1,2019,,False,False,False,False,False,False,False,False,False,False,False
ICSA-19-038-02,2019-02-07,True,Siemens,Siemens EN100 Ethernet Module,High,CWE-20,2,2019,,False,False,False,False,False,False,False,False,False,False,False
ICSA-19-043-02,2019-02-12,True,Siemens,Siemens EN100 Ethernet Communication Module and SIPROTEC 5 Relays,High,CWE-20,1,2019,,False,False,False,False,False,False,False,False,False,False,False
ICSA-19-043-03,2019-02-12,True,Wibu-Systems AG,WIBU SYSTEMS AG WibuKey Digital Rights Management (Update D),Critical,"CWE-200, CWE-122, CWE-787",3,2019,,False,False,False,False,False,False,False,False,False,False,False
ICSA-19-043-04,2019-02-12,True,Siemens,Siemens SIMATIC S7-300 CPU,High,CWE-20,1,2019,,False,False,False,False,False,False,False,False,False,False,False
ICSA-19-043-05,2019-02-12,True,Siemens,Siemens Intel Active Management Technology of SIMATIC IPCs,Medium,"CWE-310, CWE-119, CWE-399",3,2019,CWE-310,False,False,False,False,False,False,True,False,True,True,False
ICSA-19-043-06,2019-02-12,True,Siemens,Siemens CP1604 and CP1616 (Update A),Critical,"CWE-319, CWE-352, CWE-79",3,2019,CWE-319,False,False,False,False,False,False,False,True,True,False,False
ICSA-19-050-04,2019-02-19,True,Rockwell Automation,Rockwell Automation Allen-Bradley PowerMonitor 1000 (Update A),Medium,"CWE-288, CWE-79",2,2019,,False,False,False,False,False,False,False,False,False,False,False
ICSA-19-057-01,2019-02-26,True,Moxa,"Moxa IKS, EDS (Update A)",Critical,"CWE-120, CWE-352, CWE-79, CWE-284, CWE-307, CWE-311, CWE-125, CWE-256, CWE-341, CWE-400",10,2019,CWE-256;CWE-311,False,False,True,False,False,False,False,True,True,True,False
ICSA-19-059-01,2019-02-28,True,PSI GridConnect GmbH (formerly known as PSI Nentec GmbH),PSI GridConnect Telecontrol,High,CWE-79,1,2019,,False,False,False,False,False,False,False,False,False,False,False
ICSA-19-064-01,2019-03-05,True,Rockwell Automation,Rockwell Automation RSLinx Classic,Critical,CWE-121,1,2019,,False,False,False,False,False,False,False,False,False,False,False
ICSA-19-078-01,2019-03-19,True,AVEVA,AVEVA InduSoft Web Studio and InTouch Edge HMI,Medium,CWE-427,1,2019,,False,False,False,False,False,False,False,False,False,False,False
ICSA-19-085-01,2019-03-26,True,Siemens,Siemens SCALANCE X (Update D),Medium,CWE-440,1,2019,,False,False,False,False,False,False,False,False,False,False,False
ICSA-19-092-01,2019-04-02,True,Advantech,Advantech WebAccess/SCADA,Critical,"CWE-284, CWE-77, CWE-121",3,2019,,False,False,False,False,False,False,False,False,False,False,False
ICSA-19-094-02,2019-04-04,True,Rockwell Automation,Rockwell Automation Stratix 5400/5410/5700 and ArmorStratix 5700,Medium,CWE-400,1,2019,,False,False,False,False,False,False,False,False,False,False,False
ICSA-19-094-03,2019-04-04,True,Rockwell Automation,Rockwell Automation Stratix 5400/5410/5700/8000/8300 and ArmorStratix 5700,High,"CWE-20, CWE-399",5,2019,,False,False,False,False,False,False,False,False,False,False,False
ICSA-19-094-04,2019-04-04,True,Rockwell Automation,Rockwell Automation Stratix 5950,High,CWE-20,1,2019,,False,False,False,False,False,False,False,False,False,False,False
ICSA-19-099-01,2019-04-09,True,Siemens,Siemens SIMOCODE pro V EIP,High,CWE-400,1,2019,,False,False,False,False,False,False,False,False,False,False,False
ICSA-19-099-02,2019-04-09,True,Siemens,Siemens Spectrum Power 4.7,Critical,CWE-77,1,2019,,False,False,False,False,False,False,False,False,False,False,False
ICSA-19-099-03,2019-04-09,True,Siemens,Siemens Industrial Products with OPC UA (Update H),High,CWE-248,1,2019,,False,False,False,False,False,False,False,False,False,False,False
ICSA-19-099-04,2019-04-09,True,Siemens,Siemens SINEMA Remote Connect (Update A),High,"CWE-280, CWE-131, CWE-125, CWE-121",5,2019,,False,False,False,False,False,False,False,False,False,False,False
ICSA-19-099-05,2019-04-09,True,Siemens,Siemens RUGGEDCOM ROX II,Critical,"CWE-415, CWE-125, CWE-400",3,2019,,False,False,False,False,False,False,False,False,False,False,False
ICSA-19-099-06,2019-04-09,True,Siemens,"Siemens SIMATIC, SIMOCODE, SINAMICS, SITOP, and TIM (Update I)",High,CWE-125,1,2019,,False,False,False,False,False,False,False,False,False,False,False
ICSA-19-106-02,2019-04-16,True,WAGO,WAGO Series 750-88x and 750-87x,Critical,CWE-798,1,2019,CWE-798,False,True,False,False,False,False,False,False,True,True,False
ICSA-19-106-03,2019-04-16,True,ABB,PLC Cycle Time Influences (Update A),High,CWE-400,1,2019,,False,False,False,False,False,False,False,False,False,False,False
ICSA-19-113-01,2019-04-23,True,Rockwell Automation,Rockwell Automation MicroLogix 1400 and CompactLogix 5370 Controllers,High,CWE-601,1,2019,,False,False,False,False,False,False,False,False,False,False,False
ICSA-19-120-01,2019-04-30,True,Rockwell Automation,Rockwell Automation CompactLogix 5370 (Update A),High,"CWE-400, CWE-121",2,2019,,False,False,False,False,False,False,False,False,False,False,False
ICSA-19-122-01,2019-05-02,True,Orpak,Orpak SiteOmat,Critical,"CWE-94, CWE-79, CWE-89, CWE-311, CWE-121, CWE-798",1,2019,CWE-311;CWE-798,False,True,False,False,False,False,False,True,True,True,False
ICSA-19-122-02,2019-05-02,True,GE,GE Communicator,High,"CWE-284, CWE-427, CWE-798",5,2019,CWE-798,False,True,False,False,False,False,False,False,True,True,False
ICSA-19-122-03,2019-05-02,True,Sierra Wireless,Sierra Wireless AirLink ALEOS (Update B),Critical,"CWE-352, CWE-200, CWE-78, CWE-79, CWE-311, CWE-434, CWE-798",7,2019,CWE-311;CWE-798,False,True,False,False,False,False,False,True,True,True,False
ICSA-19-134-02,2019-05-14,True,Siemens,Siemens SIMATIC WinCC and SIMATIC PCS 7,Critical,CWE-306,1,2019,,False,False,False,False,False,False,False,False,False,False,False
ICSA-19-134-05,2019-05-14,True,Siemens,Siemens SINAMICS PERFECT HARMONY GH180 Drives NXG I and NXG II,High,CWE-400,1,2019,,False,False,False,False,False,False,False,False,False,False,False
ICSA-19-134-06,2019-05-14,True,Siemens,Siemens SINAMICS PERFECT HARMONY GH180 Fieldbus Network,High,CWE-20,1,2019,,False,False,False,False,False,False,False,False,False,False,False
ICSA-19-134-07,2019-05-14,True,Siemens,Siemens SCALANCE W1750D,Critical,"CWE-200, CWE-20, CWE-79, CWE-77, CWE-7",5,2019,,False,False,False,False,False,False,False,False,False,False,False
ICSA-19-134-08,2019-05-14,True,Siemens,"Siemens SIMATIC PCS7, WinCC, TIA Portal (Update D)",Critical,"CWE-749, CWE-89, CWE-248",3,2019,,False,False,False,False,False,False,False,False,False,False,False
ICSA-19-134-09,2019-05-14,True,Siemens,Siemens SIMATIC Panels and WinCC (TIA Portal),Medium,"CWE-79, CWE-522, CWE-798",3,2019,CWE-522;CWE-798,False,True,True,False,False,False,False,False,True,True,False
ICSA-19-136-01,2019-05-16,True,Schneider Electric,Schneider Electric Modicon Controllers,Medium,CWE-330,1,2019,CWE-330,False,False,False,False,False,True,False,False,True,True,False
ICSA-19-148-01,2019-05-28,True,Emerson,Emerson Ovation OCR400 Controller,Medium,"CWE-122, CWE-121",2,2019,,False,False,False,False,False,False,False,False,False,False,False
ICSA-19-150-01,2019-05-30,True,"AVEVA, Schneider Electric",AVEVA Vijeo Citect and CitectSCADA,Medium,CWE-522,1,2019,CWE-522,False,False,True,False,False,False,False,False,True,True,False
ICSA-19-155-03,2019-06-04,True,Geutebruck,Geutebruck G-Cam and G-Code,High,"CWE-79, CWE-78",3,2019,,False,False,False,False,False,False,False,False,False,False,False
ICSA-19-162-02,2019-06-11,True,Siemens,Siemens SIMATIC Ident MV440 Family (Update A),High,"CWE-319, CWE-269",2,2019,CWE-319,False,False,False,False,False,False,False,True,True,False,False
ICSA-19-162-04,2019-06-11,True,Siemens,Siemens SCALANCE X (Update B),High,CWE-257,1,2019,CWE-257,False,False,True,False,False,False,False,False,True,True,False
ICSA-19-178-01,2019-06-27,True,ABB,ABB PB610 Panel Builder 600,High,"CWE-287, CWE-20, CWE-23, CWE-121, CWE-798",7,2019,CWE-798,False,True,False,False,False,False,False,False,True,True,False
ICSA-19-178-05,2019-06-27,True,Advantech,Advantech WebAccess/SCADA,Critical,"CWE-122, CWE-22, CWE-125, CWE-787, CWE-121, CWE-822",6,2019,,False,False,False,False,False,False,False,False,False,False,False
ICSA-19-183-01,2019-07-02,True,Schneider Electric,Schneider Electric Modicon Controllers,High,CWE-754,1,2019,,False,False,False,False,False,False,False,False,False,False,False
ICSA-19-190-01,2019-07-09,True,Emerson,Emerson DeltaV Distributed Control System,Medium,CWE-798,1,2019,CWE-798,False,True,False,False,False,False,False,False,True,True,False
ICSA-19-190-04,2019-07-09,True,Siemens,Siemens Spectrum Power (Update A),Medium,CWE-79,1,2019,,False,False,False,False,False,False,False,False,False,False,False
ICSA-19-190-05,2019-07-09,True,Siemens,Siemens SIPROTEC 5 and DIGSI 5 (Update C),High,CWE-20,2,2019,,False,False,False,False,False,False,False,False,False,False,False
ICSA-19-192-02,2019-07-11,True,Siemens,Siemens SIMATIC WinCC and PCS7 (Update C),High,CWE-434,1,2019,,False,False,False,False,False,False,False,False,False,False,False
ICSA-19-192-03,2019-07-11,True,Siemens,Siemens TIA Administrator (TIA Portal),High,CWE-284,1,2019,,False,False,False,False,False,False,False,False,False,False,False
ICSA-19-192-04,2019-07-11,True,Siemens,Siemens SIMATIC RF6XXR,Medium,"CWE-310, CWE-20",3,2019,CWE-310,False,False,False,False,False,False,True,False,True,True,False
ICSA-19-192-05,2019-07-11,True,"AVEVA, Schneider Electric",AVEVA Vijeo Citect and Citect SCADA Floating License Manager,Critical,"CWE-20, CWE-119",4,2019,,False,False,False,False,False,False,False,False,False,False,False
ICSA-19-192-06,2019-07-11,True,Schneider Electric,Schneider Electric Interactive Graphical SCADA System,High,CWE-787,1,2019,,False,False,False,False,False,False,False,False,False,False,False
ICSA-19-192-07,2019-07-11,True,Schneider Electric,Schneider Electric Floating License Manager,Critical,"CWE-20, CWE-119",4,2019,,False,False,False,False,False,False,False,False,False,False,False
ICSA-19-204-02,2019-07-23,True,National Renewable Energy Laboratory (NREL),NREL EnergyPlus,Medium,CWE-121,1,2019,,False,False,False,False,False,False,False,False,False,False,False
ICSA-19-213-01,2019-08-01,True,Advantech,Advantech WebAccess HMI Designer,High,CWE-787,1,2019,,False,False,False,False,False,False,False,False,False,False,False
ICSA-19-225-02,2019-08-13,True,OSIsoft,OSIsoft PI Web API,High,"CWE-532, CWE-693",2,2019,,False,False,False,False,False,False,False,False,False,False,False
ICSA-19-225-03,2019-08-13,True,Siemens,Siemens SCALANCE X Switches (Update C),High,CWE-410,1,2019,,False,False,False,False,False,False,False,False,False,False,False
ICSA-19-227-03,2019-08-15,True,Siemens,Siemens SCALANCE Products (Update A),Medium,CWE-710,2,2019,,False,False,False,False,False,False,False,False,False,False,False
ICSA-19-227-04,2019-08-15,True,Siemens,Siemens SINAMICS (Update C),High,CWE-400,1,2019,,False,False,False,False,False,False,False,False,False,False,False
ICSA-19-253-02,2019-09-10,True,Siemens,Siemens SINETPLAN,High,CWE-285,1,2019,,False,False,False,False,False,False,False,False,False,False,False
ICSA-19-253-03,2019-09-10,True,Siemens,Siemens Industrial Products (Update R),High,"CWE-1049, CWE-190, CWE-400",4,2019,,False,False,False,False,False,False,False,False,False,False,False
ICSA-19-253-04,2019-09-10,True,Siemens,Siemens IE-WSN-PA Link WirelessHART Gateway,High,CWE-79,1,2019,,False,False,False,False,False,False,False,False,False,False,False
ICSA-19-253-05,2019-09-10,True,Siemens,Siemens SIMATIC TDC CP51M1,High,CWE-20,1,2019,,False,False,False,False,False,False,False,False,False,False,False
ICSA-19-253-06,2019-09-10,True,OSIsoft,OSIsoft PI SQL Client,High,CWE-190,1,2019,,False,False,False,False,False,False,False,False,False,False,False
ICSA-19-260-01,2019-09-17,False,Advantech,Advantech WebAccess,Critical,"CWE-285, CWE-94, CWE-77, CWE-121",4,2019,,False,False,False,False,False,False,False,False,False,False,False
ICSA-19-260-02,2019-09-17,False,Siemens,Siemens SINEMA Remote Connect Server,High,"CWE-352, CWE-200, CWE-307, CWE-916",4,2019,CWE-916,True,False,False,False,False,False,False,False,True,True,False
ICSA-19-260-03,2019-09-17,False,Honeywell,Honeywell Performance IP Cameras and Performance NVRs,Medium,CWE-200,1,2019,,False,False,False,False,False,False,False,False,False,False,False
ICSA-19-274-02,2019-10-01,False,Yokogawa,Yokogawa Products,High,CWE-428,1,2019,,False,False,False,False,False,False,False,False,False,False,False
ICSA-19-274-03,2019-10-01,False,Moxa,Moxa EDR 810 Series,High,"CWE-284, CWE-20",2,2019,,False,False,False,False,False,False,False,False,False,False,False
ICSA-19-281-01,2019-10-08,False,SMA Solar Technology AG,SMA Solar Technology AG Sunny WebBox,Critical,CWE-352,1,2019,,False,False,False,False,False,False,False,False,False,False,False
ICSA-19-281-02,2019-10-08,False,GE,GE Mark VIe Controller,Medium,"CWE-285, CWE-798",2,2019,CWE-798,False,True,False,False,False,False,False,False,True,True,False
ICSA-19-281-03,2019-10-08,False,Siemens,Siemens SIMATIC WinAC RTX (F) 2010 (Update A),High,CWE-410,1,2019,,False,False,False,False,False,False,False,False,False,False,False
ICSA-19-281-04,2019-10-08,False,Siemens,Siemens SIMATIC IT UADM,Medium,CWE-321,1,2019,CWE-321,False,True,False,False,False,False,False,False,True,True,False
ICSA-19-283-01,2019-10-10,False,Siemens,Siemens Industrial Real-Time (IRT) Devices (Update F),High,CWE-20,1,2019,,False,False,False,False,False,False,False,False,False,False,False
ICSA-19-283-02,2019-10-10,False,Siemens,Siemens PROFINET Devices (Update L),High,CWE-400,1,2019,,False,False,False,False,False,False,False,False,False,False,False
ICSA-19-290-01,2019-10-17,False,"AVEVA, Schneider Electric",AVEVA Vijeo Citect and Citect SCADA (Update A),High,CWE-121,1,2019,,False,False,False,False,False,False,False,False,False,False,False
ICSA-19-295-01,2019-10-22,False,Schneider Electric,Schneider Electric ProClima,Critical,"CWE-94, CWE-119, CWE-427",3,2019,,False,False,False,False,False,False,False,False,False,False,False
ICSA-19-297-01,2019-10-24,False,Rittal,Rittal Chiller SK 3232-Series,Critical,"CWE-306, CWE-798",2,2019,CWE-798,False,True,False,False,False,False,False,False,True,True,False
ICSA-19-297-02,2019-10-24,False,Honeywell,Honeywell IP-AK2,Medium,CWE-306,1,2019,,False,False,False,False,False,False,False,False,False,False,False
ICSA-19-304-01,2019-10-31,False,Advantech,Advantech WISE-PaaS/RMM,Critical,"CWE-22, CWE-89, CWE-611, CWE-862",4,2019,,False,False,False,False,False,False,False,False,False,False,False
ICSA-19-304-02,2019-10-31,False,Honeywell,Honeywell equIP Series IP Cameras,High,CWE-20,1,2019,,False,False,False,False,False,False,False,False,False,False,False
ICSA-19-304-03,2019-10-31,False,Honeywell,Honeywell equIP and Performance Series IP Cameras,High,CWE-306,1,2019,,False,False,False,False,False,False,False,False,False,False,False
ICSA-19-304-04,2019-10-31,False,Honeywell,Honeywell equIP and Performance Series IP Cameras and Recorders,High,CWE-294,1,2019,,False,False,False,False,False,False,False,False,False,False,False
ICSA-19-309-01,2019-11-05,False,Omron,Omron CX-Supervisor,Critical,CWE-477,4,2019,,False,False,False,False,False,False,False,False,False,False,False
ICSA-19-318-02,2019-11-14,False,Siemens,Siemens S7-1200 and S7-200 SMART CPUs (Update B),Medium,CWE-749,1,2019,,False,False,False,False,False,False,False,False,False,False,False
ICSA-19-318-03,2019-11-14,False,Siemens,Siemens Desigo PX Devices,Medium,CWE-472,1,2019,,False,False,False,False,False,False,False,False,False,False,False
ICSA-19-318-04,2019-11-14,False,Omron,Omron CX-Supervisor (Update A),High,CWE-477,1,2019,,False,False,False,False,False,False,False,False,False,False,False
ICSA-19-318-05,2019-11-14,False,ABB,ABB Power Generation Information Manager (PGIM) and Plant Connect,Critical,CWE-288,1,2019,,False,False,False,False,False,False,False,False,False,False,False
ICSA-19-330-01,2019-11-26,False,ABB,ABB Relion 670 Series,Critical,CWE-22,1,2019,,False,False,False,False,False,False,False,False,False,False,False
ICSA-19-330-02,2019-11-26,False,ABB,ABB Relion 650 and 670 Series,Medium,CWE-20,1,2019,,False,False,False,False,False,False,False,False,False,False,False
ICSA-19-337-02,2019-12-03,False,Moxa,Moxa AWK-3121,Critical,"CWE-284, CWE-319, CWE-1004, CWE-119, CWE-352, CWE-77, CWE-79",14,2019,CWE-319,False,False,False,False,False,False,False,True,True,False,False
ICSA-19-344-01,2019-12-10,False,Siemens,Siemens SCALANCE W700 and W1700,Medium,CWE-924,1,2019,,False,False,False,False,False,False,False,False,False,False,False
ICSA-19-344-03,2019-12-10,False,Siemens,Siemens RUGGEDCOM ROS (Update A),High,"CWE-119, CWE-399",2,2019,,False,False,False,False,False,False,False,False,False,False,False
ICSA-19-344-04,2019-12-10,False,Siemens,Siemens SIMATIC Products (Update C),Low,CWE-327,1,2019,CWE-327,True,False,False,False,False,False,False,False,True,True,False
ICSA-19-344-05,2019-12-10,False,Siemens,Siemens XHQ Operations Intelligence,High,"CWE-352, CWE-20, CWE-80",3,2019,,False,False,False,False,False,False,False,False,False,False,False
ICSA-19-344-06,2019-12-10,False,Siemens,Siemens SIMATIC S7-1200 and S7-1500 CPU Families (Update B),Medium,"CWE-353, CWE-327",2,2019,CWE-327,True,False,False,False,False,False,False,False,True,True,False
ICSA-19-344-07,2019-12-10,False,Siemens,Siemens EN100 Ethernet Module (Update A),High,"CWE-79, CWE-119, CWE-23",3,2019,,False,False,False,False,False,False,False,False,False,False,False
ICSA-19-346-01,2019-12-12,False,Advantech,Advantech DiagAnywhere Server,Critical,CWE-121,1,2019,,False,False,False,False,False,False,False,False,False,False,False
ICSA-19-351-01,2019-12-17,False,GE,GE S2020/S2020G Fast Switch 61850,Medium,CWE-79,1,2019,,False,False,False,False,False,False,False,False,False,False,False
ICSA-19-351-02,2019-12-17,False,Siemens,Siemens SPPA-T3000 (Update A),Critical,"CWE-20, CWE-502, CWE-287, CWE-319, CWE-434, CWE-122, CWE-190, CWE-125, CWE-284, CWE-121, CWE-952, CWE-502, CWE-200",54,2019,CWE-319,False,False,False,False,False,False,False,True,True,False,False
ICSA-19-353-01,2019-12-19,False,Moxa,Moxa EDS Ethernet Switches,High,CWE-400,1,2019,,False,False,False,False,False,False,False,False,False,False,False
ICSA-19-353-03,2019-12-19,False,WECON,WECON PLC Editor,High,CWE-121,1,2019,,False,False,False,False,False,False,False,False,False,False,False
ICSA-20-014-01,2020-01-14,True,GE/Emerson,GE PACSystems RX3i,High,CWE-20,1,2020,,False,False,False,False,False,False,False,False,False,False,False
ICSA-20-014-05,2020-01-14,True,Siemens,Siemens TIA Portal (Update F),High,CWE-22,2,2020,,False,False,False,False,False,False,False,False,False,False,False
ICSA-20-016-01,2020-01-16,True,Schneider Electric,Schneider Electric Modicon Controllers (Update A),High,CWE-754,3,2020,,False,False,False,False,False,False,False,False,False,False,False
ICSA-20-021-01,2020-01-21,True,Honeywell,Honeywell Maxpro VMS & NVR,Critical,"CWE-502, CWE-89",2,2020,,False,False,False,False,False,False,False,False,False,False,False
ICSA-20-035-01,2020-02-04,True,AutomationDirect,AutomationDirect C-More Touch Panels,Critical,CWE-522,1,2020,CWE-522,False,False,True,False,False,False,False,False,True,True,False
ICSA-20-042-02,2020-02-11,True,Siemens,Siemens Industrial Products SNMP Vulnerabilities (Update D),High,"CWE-19, CWE-476",2,2020,,False,False,False,False,False,False,False,False,False,False,False
ICSA-20-042-03,2020-02-11,True,Siemens,Siemens SIMATIC CP 1543-1,Critical,"CWE-284, CWE-835",2,2020,,False,False,False,False,False,False,False,False,False,False,False
ICSA-20-042-04,2020-02-11,True,Siemens,Siemens PROFINET-IO Stack (Update H),High,CWE-400,1,2020,,False,False,False,False,False,False,False,False,False,False,False
ICSA-20-042-05,2020-02-11,True,Siemens,Siemens SIMATIC S7 (Update B),Medium,CWE-400,1,2020,,False,False,False,False,False,False,False,False,False,False,False
ICSA-20-042-06,2020-02-11,True,Siemens,"Siemens SIMATIC PCS 7, SIMATIC WinCC, and SIMATIC NET PC (Update G)",High,CWE-131,2,2020,,False,False,False,False,False,False,False,False,False,False,False
ICSA-20-042-11,2020-02-11,True,Siemens,Siemens SIMATIC S7-1500 (Update A),High,CWE-400,1,2020,,False,False,False,False,False,False,False,False,False,False,False
ICSA-20-042-12,2020-02-11,True,Siemens,Siemens SIPROTEC 4 and SIPROTEC Compact,High,CWE-20,1,2020,,False,False,False,False,False,False,False,False,False,False,False
ICSA-20-044-01,2020-02-13,True,Schneider Electric,Schneider Electric Modicon Ethernet Serial RTU,High,"CWE-284, CWE-754",3,2020,,False,False,False,False,False,False,False,False,False,False,False
ICSA-20-049-01,2020-02-18,True,Honeywell,Honeywell INNCOM INNControl 3,Medium,CWE-269,1,2020,,False,False,False,False,False,False,False,False,False,False,False
ICSA-20-049-02,2020-02-18,True,Emerson,Emerson OpenEnterprise,High,CWE-121,1,2020,,False,False,False,False,False,False,False,False,False,False,False
ICSA-20-051-01,2020-02-20,True,B&R Industrial Automation GmbH,B&R Automation Studio and Automation Runtime,Critical,CWE-285,1,2020,,False,False,False,False,False,False,False,False,False,False,False
ICSA-20-056-01,2020-02-25,True,Moxa,Moxa MB3xxx Series Protocol Gateways,Critical,"CWE-121, CWE-680, CWE-352, CWE-327, CWE-200, CWE-319, CWE-521, CWE-312, CWE-941",9,2020,CWE-312;CWE-319;CWE-327,True,False,False,False,False,False,False,True,True,True,False
ICSA-20-056-02,2020-02-25,True,Moxa,"Moxa ioLogik 2542-HSPA Series Controllers and IOs, and IOxpress Configuration Utility",High,"CWE-312, CWE-319, CWE-941",3,2020,CWE-312;CWE-319,False,False,False,False,False,False,False,True,True,False,False
ICSA-20-056-03,2020-02-25,True,Moxa,Moxa PT-7528 and PT-7828 Series Ethernet Switches,Critical,"CWE-200, CWE-121, CWE-327, CWE-798, CWE-321, CWE-521",6,2020,CWE-321;CWE-327;CWE-798,True,True,False,False,False,False,False,False,True,True,False
ICSA-20-056-04,2020-02-25,True,Moxa,Moxa EDS-G516E and EDS-510E Series Ethernet Switches,Critical,"CWE-120, CWE-319, CWE-121, CWE-327, CWE-798, CWE-321, CWE-521",7,2020,CWE-319;CWE-321;CWE-327;CWE-798,True,True,False,False,False,False,False,True,True,True,False
ICSA-20-063-01,2020-03-03,True,Emerson,Emerson ValveLink,High,CWE-284,1,2020,,False,False,False,False,False,False,False,False,False,False,False
ICSA-20-063-02,2020-03-03,True,PHOENIX CONTACT,PHOENIX CONTACT Emalytics Controller ILC,Critical,CWE-732,1,2020,,False,False,False,False,False,False,False,False,False,False,False
ICSA-20-063-04,2020-03-03,True,Moxa,Moxa AWK-3131A Series Industrial AP/Bridge/Client,Critical,"CWE-288, CWE-120, CWE-78, CWE-284, CWE-125, CWE-121, CWE-798, CWE-321",12,2020,CWE-321;CWE-798,False,True,False,False,False,False,False,False,True,True,False
ICSA-20-065-01,2020-03-05,True,WAGO,WAGO I/O-CHECK,Critical,"CWE-805, CWE-120, CWE-201, CWE-306",9,2020,,False,False,False,False,False,False,False,False,False,False,False
ICSA-20-070-02,2020-03-10,True,Siemens,Siemens SIMATIC S7-300 CPUs and SINUMERIK Controller over Profinet (Update A),High,CWE-400,1,2020,,False,False,False,False,False,False,False,False,False,False,False
ICSA-20-072-01,2020-03-12,True,ABB,ABB eSOMS,High,"CWE-525, CWE-1021, CWE-644, CWE-1004, CWE-693, CWE-614, CWE-200, CWE-642, CWE-521, CWE-89, CWE-79, CWE-312, CWE-326",13,2020,CWE-312;CWE-326;CWE-614,True,False,False,False,False,False,False,True,True,True,False
ICSA-20-072-02,2020-03-12,True,ABB,ABB Asset Suite,High,CWE-639,1,2020,,False,False,False,False,False,False,False,False,False,False,False
ICSA-20-084-02,2020-03-24,True,Schneider Electric,Schneider Electric IGSS SCADA Software,High,"CWE-22, CWE-306",2,2020,,False,False,False,False,False,False,False,False,False,False,False
ICSA-20-086-01,2020-03-26,True,Advantech,Advantech WebAccess,High,CWE-121,1,2020,,False,False,False,False,False,False,False,False,False,False,False
ICSA-20-093-01,2020-04-02,True,B&R Industrial Automation GmbH,B&R Automation Studio,High,"CWE-22, CWE-269, CWE-325",3,2020,CWE-325,False,False,False,True,False,False,False,False,True,True,False
ICSA-20-098-01,2020-04-07,True,Advantech,Advantech WebAccess/NMS,Critical,"CWE-78, CWE-89, CWE-611, CWE-306, CWE-23, CWE-434",8,2020,,False,False,False,False,False,False,False,False,False,False,False
ICSA-20-098-02,2020-04-07,True,GE Digital,GE Digital CIMPLICITY,Medium,CWE-269,1,2020,,False,False,False,False,False,False,False,False,False,False,False
ICSA-20-098-03,2020-04-07,True,HMS Industrial Networks,HMS Networks eWON Flexy and Cosy,Medium,CWE-79,1,2020,,False,False,False,False,False,False,False,False,False,False,False
ICSA-20-100-01,2020-04-09,True,Rockwell Automation,Rockwell Automation RSLinx Classic,High,CWE-732,1,2020,,False,False,False,False,False,False,False,False,False,False,False
ICSA-20-105-01,2020-04-14,True,Eaton,Eaton HMiSoft VU3,High,"CWE-125, CWE-121",2,2020,,False,False,False,False,False,False,False,False,False,False,False
ICSA-20-105-02,2020-04-14,True,Triangle MicroWorks,Triangle MicroWorks DNP3 Outstation Libraries,High,CWE-121,1,2020,,False,False,False,False,False,False,False,False,False,False,False
ICSA-20-105-03,2020-04-14,True,Triangle MicroWorks,Triangle MicroWorks SCADA Data Gateway,High,"CWE-843, CWE-125, CWE-121",3,2020,,False,False,False,False,False,False,False,False,False,False,False
ICSA-20-105-05,2020-04-14,True,Siemens,"Siemens RUGGEDCOM, SCALANCE, SIMATIC, SINEMA (Update B)",High,"CWE-20, CWE-400",2,2020,,False,False,False,False,False,False,False,False,False,False,False
ICSA-20-105-06,2020-04-14,True,Siemens,"Siemens SIMOTICS, Desigo, APOGEE, and TALON (Update D)",High,CWE-84,2,2020,,False,False,False,False,False,False,False,False,False,False,False
ICSA-20-105-07,2020-04-14,True,Siemens,Siemens SCALANCE & SIMATIC (Update E),High,CWE-400,2,2020,,False,False,False,False,False,False,False,False,False,False,False
ICSA-20-105-08,2020-04-14,True,Siemens,"Siemens KTK, SIDOOR, SIMATIC, and SINAMICS (Update D)",High,CWE-400,1,2020,,False,False,False,False,False,False,False,False,False,False,False
ICSA-20-105-09,2020-04-14,True,Siemens,Siemens TIM 3V-IE and 4R-IE Family Devices,Critical,CWE-489,1,2020,,False,False,False,False,False,False,False,False,False,False,False
ICSA-20-112-01,2020-04-21,True,Inductive Automation,Inductive Automation Ignition,Critical,CWE-284,1,2020,,False,False,False,False,False,False,False,False,False,False,False
ICSA-20-126-02,2020-05-05,True,SAE IT-systems GmbH & Co KG,SAE IT-systems FW-50 Remote Telemetry Unit (RTU),Critical,"CWE-22, CWE-79",2,2020,,False,False,False,False,False,False,False,False,False,False,False
ICSA-20-128-01,2020-05-07,True,Advantech,Advantech WebAccess Node,Critical,"CWE-122, CWE-129, CWE-23, CWE-89, CWE-125, CWE-121",8,2020,,False,False,False,False,False,False,False,False,False,False,False
ICSA-20-133-01,2020-05-12,True,Eaton,Eaton Intelligent Power Manager,High,"CWE-20, CWE-266",2,2020,,False,False,False,False,False,False,False,False,False,False,False
ICSA-20-133-02,2020-05-12,True,OSIsoft,OSIsoft PI System (Update A),High,"CWE-20, CWE-79, CWE-347, CWE-532, CWE-276, CWE-476, CWE-248, CWE-427",11,2020,CWE-347,False,False,False,False,True,False,False,False,True,True,False
ICSA-20-135-02,2020-05-14,True,Emerson,Emerson WirelessHART Gateway,Critical,CWE-284,1,2020,,False,False,False,False,False,False,False,False,False,False,False
ICSA-20-140-01,2020-05-19,True,Rockwell Automation,Rockwell Automation EDS Subsystem,High,"CWE-89, CWE-119",2,2020,,False,False,False,False,False,False,False,False,False,False,False
ICSA-20-140-02,2020-05-19,True,Emerson,Emerson OpenEnterprise,Critical,"CWE-282, CWE-326, CWE-306",3,2020,CWE-326,True,False,False,False,False,False,False,False,True,True,False
ICSA-20-142-02,2020-05-21,True,Schneider Electric,Schneider Electric EcoStruxure Operator Terminal Expert,High,"CWE-22, CWE-88, CWE-89",5,2020,,False,False,False,False,False,False,False,False,False,False,False
ICSA-20-147-01,2020-05-26,True,Inductive Automation,Inductive Automation Ignition (Update B),Critical,"CWE-502, CWE-306",5,2020,,False,False,False,False,False,False,False,False,False,False,False
ICSA-20-154-01,2020-06-02,True,ABB,ABB System 800xA,High,CWE-276,2,2020,,False,False,False,False,False,False,False,False,False,False,False
ICSA-20-154-02,2020-06-02,True,ABB,ABB System 800xA Base,High,CWE-732,1,2020,,False,False,False,False,False,False,False,False,False,False,False
ICSA-20-154-03,2020-06-02,True,ABB,ABB Multiple System 800xA Products,High,CWE-276,7,2020,,False,False,False,False,False,False,False,False,False,False,False
ICSA-20-154-04,2020-06-02,True,ABB,ABB Central Licensing System,Critical,"CWE-200, CWE-284, CWE-611, CWE-264, CWE-400",5,2020,,False,False,False,False,False,False,False,False,False,False,False
ICSA-20-154-05,2020-06-02,True,GE,GE Grid Solutions Reason RT Clocks,Critical,CWE-306,1,2020,,False,False,False,False,False,False,False,False,False,False,False
ICSA-20-161-01,2020-06-09,True,Advantech,Advantech WebAccess Node,Critical,CWE-121,1,2020,,False,False,False,False,False,False,False,False,False,False,False
ICSA-20-161-03,2020-06-09,True,Siemens,Siemens LOGO! (Update A),Critical,CWE-306,1,2020,,False,False,False,False,False,False,False,False,False,False,False
ICSA-20-161-04,2020-06-09,True,Siemens,"Siemens SIMATIC, SINAMICS, SINEC, SINEMA, SINUMERIK (Update K)",High,CWE-428,1,2020,,False,False,False,False,False,False,False,False,False,False,False
ICSA-20-161-05,2020-06-09,True,Siemens,"Siemens SIMATIC, SINAMICS (Update C)",High,"CWE-122, CWE-427",2,2020,,False,False,False,False,False,False,False,False,False,False,False
ICSA-20-161-06,2020-06-09,True,Siemens,Siemens SINUMERIK,Critical,"CWE-121, CWE-122, CWE-124, CWE-125, CWE-170, CWE-193, CWE-665, CWE-788",22,2020,,False,False,False,False,False,False,False,False,False,False,False
ICSA-20-163-01,2020-06-11,True,OSIsoft,OSIsoft PI Web API 2019,High,CWE-79,1,2020,,False,False,False,False,False,False,False,False,False,False,False
ICSA-20-163-02,2020-06-11,True,Rockwell Automation,Rockwell Automation FactoryTalk Linx Software (Update A),Critical,"CWE-20, CWE-22, CWE-434",4,2020,,False,False,False,False,False,False,False,False,False,False,False
ICSA-20-168-01,2020-06-16,True,Treck Inc,Treck TCP/IP (Update I),Critical,"CWE-20, CWE-125, CWE-130, CWE-170, CWE-190, CWE-284, CWE-415",19,2020,,False,False,False,False,False,False,False,False,False,False,False
ICSA-20-170-05,2020-06-18,True,Rockwell Automation,Rockwell Automation FactoryTalk View SE,Critical,"CWE-200, CWE-20, CWE-119, CWE-264",4,2020,,False,False,False,False,False,False,False,False,False,False,False
ICSA-20-175-02,2020-06-23,True,Honeywell,Honeywell ControlEdge PLC and RTU,Medium,CWE-319,2,2020,CWE-319,False,False,False,False,False,False,False,True,True,False,False
ICSA-20-175-03,2020-06-23,True,ABB,ABB Device Library Wizard,High,CWE-922,1,2020,,False,False,False,False,False,False,False,False,False,False,False
ICSA-20-177-03,2020-06-25,True,Rockwell Automation,Rockwell FactoryTalk View SE,High,"CWE-312, CWE-261",2,2020,CWE-261;CWE-312,False,False,True,False,False,False,False,True,True,True,False
ICSA-20-184-02,2020-07-02,True,ABB,ABB System 800xA Information Manager,High,CWE-79,1,2020,,False,False,False,False,False,False,False,False,False,False,False
ICSA-20-191-02,2020-07-09,True,Rockwell Automation,Rockwell Automation Logix Designer Studio 5000,Low,CWE-611,1,2020,,False,False,False,False,False,False,False,False,False,False,False
ICSA-20-196-01,2020-07-14,True,Advantech,Advantech iView,Critical,"CWE-284, CWE-20, CWE-22, CWE-77, CWE-89, CWE-306",6,2020,,False,False,False,False,False,False,False,False,False,False,False
ICSA-20-196-02,2020-07-14,True,Moxa,Moxa EDR-G902 and EDR-G903 Series Routers,Critical,CWE-121,1,2020,,False,False,False,False,False,False,False,False,False,False,False
ICSA-20-196-03,2020-07-14,True,Siemens,"Siemens SICAM MMU, SICAM T, and SICAM SGU",Critical,"CWE-294, CWE-120, CWE-79, CWE-80, CWE-306, CWE-311, CWE-125, CWE-916",9,2020,CWE-311;CWE-916,True,False,False,False,False,False,False,True,True,True,False
ICSA-20-196-04,2020-07-14,True,Siemens,Siemens SIMATIC HMI Panels,Medium,CWE-319,1,2020,CWE-319,False,False,False,False,False,False,False,True,True,False,False
ICSA-20-196-05,2020-07-14,True,Siemens,Siemens UMC Stack (Update H),Medium,"CWE-20, CWE-400, CWE-428",3,2020,,False,False,False,False,False,False,False,False,False,False,False
ICSA-20-196-06,2020-07-14,True,Siemens,Siemens SIMATIC S7-200 SMART CPU Family,High,CWE-400,1,2020,,False,False,False,False,False,False,False,False,False,False,False
ICSA-20-196-08,2020-07-14,True,Siemens,Siemens LOGO! Web Server,Critical,CWE-120,1,2020,,False,False,False,False,False,False,False,False,False,False,False
ICSA-20-212-01,2020-07-30,True,Inductive Automation,Inductive Automation Ignition 8,High,CWE-862,1,2020,,False,False,False,False,False,False,False,False,False,False,False
ICSA-20-219-02,2020-08-06,True,Advantech,Advantech WebAccess HMI Designer,Critical,"CWE-843, CWE-415, CWE-122, CWE-125, CWE-787, CWE-121",6,2020,,False,False,False,False,False,False,False,False,False,False,False
ICSA-20-219-03,2020-08-06,True,Geutebruck,Geutebruck G-Cam and G-Code,High,CWE-78,1,2020,,False,False,False,False,False,False,False,False,False,False,False
ICSA-20-224-01,2020-08-11,True,Yokogawa,Yokogawa CENTUM (Update A),High,"CWE-287, CWE-22",2,2020,,False,False,False,False,False,False,False,False,False,False,False
ICSA-20-224-04,2020-08-11,True,Siemens,"Siemens SCALANCE, RUGGEDCOM",Critical,CWE-120,1,2020,,False,False,False,False,False,False,False,False,False,False,False
ICSA-20-224-05,2020-08-11,True,Siemens,"Siemens SIMATIC, SIMOTICS (Update A)",Low,CWE-367,1,2020,,False,False,False,False,False,False,False,False,False,False,False
ICSA-20-224-07,2020-08-11,True,Siemens,Siemens Automation License Manager,High,CWE-285,1,2020,,False,False,False,False,False,False,False,False,False,False,False
ICSA-20-224-08,2020-08-11,True,Siemens,Siemens SICAM A8000 RTUs,High,CWE-79,1,2020,,False,False,False,False,False,False,False,False,False,False,False
ICSA-20-238-01,2020-08-25,True,Advantech,Advantech iView,Critical,CWE-22,1,2020,,False,False,False,False,False,False,False,False,False,False,False
ICSA-20-238-02,2020-08-25,True,Emerson,Emerson OpenEnterprise,Low,CWE-326,1,2020,CWE-326,True,False,False,False,False,False,False,False,True,True,False
ICSA-20-238-03,2020-08-25,True,WECON,WECON LeviStudioU (Update C),High,"CWE-122, CWE-611, CWE-121",3,2020,,False,False,False,False,False,False,False,False,False,False,False
ICSA-20-240-01,2020-08-27,True,Red Lion Controls,"Red Lion N-Tron 702-W, 702M12-W",Critical,"CWE-352, CWE-912, CWE-79, CWE-1104",5,2020,,False,False,False,False,False,False,False,False,False,False,False
ICSA-20-252-01,2020-09-08,True,Siemens,Siemens SIMATIC RTLS Locating Manager,High,"CWE-276, CWE-428",3,2020,,False,False,False,False,False,False,False,False,False,False,False
ICSA-20-252-02,2020-09-08,True,Siemens,Siemens SIMATIC S7-300 and S7-400 CPUs (Update C),Medium,CWE-522,1,2020,CWE-522,False,False,True,False,False,False,False,False,True,True,False
ICSA-20-252-04,2020-09-08,True,Siemens,Siemens Spectrum Power,Low,"CWE-312, CWE-548",2,2020,CWE-312,False,False,False,False,False,False,False,True,True,False,False
ICSA-20-252-06,2020-09-08,True,Siemens,Siemens SIMATIC HMI Products (Update A),Medium,"CWE-305, CWE-307",2,2020,,False,False,False,False,False,False,False,False,False,False,False
ICSA-20-252-07,2020-09-08,True,Siemens,Siemens Industrial Products (Update F),Medium,CWE-200,1,2020,,False,False,False,False,False,False,False,False,False,False,False
ICSA-20-252-08,2020-09-08,True,Siemens,Siemens Polarion Subversion Webclient,High,"CWE-352, CWE-80",2,2020,,False,False,False,False,False,False,False,False,False,False,False
ICSA-20-254-03,2020-09-10,True,HMS Industrial Networks,HMS Networks Ewon Flexy and Cosy,Low,CWE-942,1,2020,,False,False,False,False,False,False,False,False,False,False,False
ICSA-20-261-01,2020-09-17,False,Advantech,Advantech WebAccess Node,High,CWE-732,1,2020,,False,False,False,False,False,False,False,False,False,False,False
ICSA-20-266-01,2020-09-22,False,GE Digital,GE Digital APM Classic,High,"CWE-639, CWE-759",2,2020,CWE-759,True,False,False,False,False,False,False,False,True,True,False
ICSA-20-266-02,2020-09-22,False,GE,GE Reason S20 Ethernet Switch,Medium,CWE-79,2,2020,,False,False,False,False,False,False,False,False,False,False,False
ICSA-20-273-02,2020-09-29,False,Yokogawa,Yokogawa WideField3,Low,CWE-120,1,2020,,False,False,False,False,False,False,False,False,False,False,False
ICSA-20-273-03,2020-09-29,False,B&R Industrial Automation GmbH,B&R Automation SiteManager and GateManager,High,"CWE-200, CWE-287, CWE-22, CWE-400",6,2020,,False,False,False,False,False,False,False,False,False,False,False
ICSA-20-280-01,2020-10-06,False,Rockwell Automation,Rockwell Automation ISaGRAF5 Runtime (Update A),Critical,"CWE-319, CWE-23, CWE-427, CWE-256, CWE-321",5,2020,CWE-256;CWE-319;CWE-321,False,True,True,False,False,False,False,True,True,True,False
ICSA-20-287-01,2020-10-13,False,Moxa,MOXA NPort IAW5000A-I/O Series,Critical,"CWE-319, CWE-200, CWE-269, CWE-307, CWE-384, CWE-521",6,2020,CWE-319,False,False,False,False,False,False,False,True,True,False,False
ICSA-20-289-01,2020-10-15,False,Advantech,Advantech WebAccess/SCADA,High,CWE-73,1,2020,,False,False,False,False,False,False,False,False,False,False,False
ICSA-20-289-02,2020-10-15,False,Advantech,Advantech R-SeeNet,High,CWE-89,1,2020,,False,False,False,False,False,False,False,False,False,False,False
ICSA-20-294-02,2020-10-20,False,Hitachi and ABB,Hitachi ABB Power Grids XMC20 Multiservice-Multiplexer,Critical,CWE-287,1,2020,,False,False,False,False,False,False,False,False,False,False,False
ICSA-20-308-01,2020-11-03,False,WAGO,WAGO Series 750-88x and 750-352 (Update A),High,CWE-400,1,2020,,False,False,False,False,False,False,False,False,False,False,False
ICSA-20-310-01,2020-11-05,False,WECON,WECON PLC Editor,High,"CWE-122, CWE-121",2,2020,,False,False,False,False,False,False,False,False,False,False,False
ICSA-20-315-03,2020-11-10,False,Schneider Electric,Schneider Electric PLC Simulator for EcoStruxure Control Expert,High,CWE-754,1,2020,,False,False,False,False,False,False,False,False,False,False,False
ICSA-20-315-04,2020-11-10,False,Siemens,Siemens SIMATIC S7-300 CPUs and SINUMERIK Controller (Update A),Medium,CWE-400,2,2020,,False,False,False,False,False,False,False,False,False,False,False
ICSA-20-315-05,2020-11-10,False,Siemens,Siemens SCALANCE W 1750D,Critical,CWE-20,1,2020,,False,False,False,False,False,False,False,False,False,False,False
ICSA-20-324-04,2020-11-19,False,Schneider Electric,Schneider Electric Interactive Graphical SCADA System (IGSS),High,"CWE-119, CWE-125, CWE-787",9,2020,,False,False,False,False,False,False,False,False,False,False,False
ICSA-20-329-01,2020-11-24,False,Rockwell Automation,Rockwell Automation FactoryTalk Linx,Critical,"CWE-122, CWE-20",3,2020,,False,False,False,False,False,False,False,False,False,False,False
ICSA-20-336-01,2020-12-01,False,Schneider Electric,Schneider Electric EcoStruxure Operator Terminal Expert runtime (Vijeo XD),High,CWE-269,1,2020,,False,False,False,False,False,False,False,False,False,False,False
ICSA-20-343-03,2020-12-08,False,Schneider Electric,Schneider Electric Easergy T300,Critical,"CWE-1021, CWE-306, CWE-862, CWE-311",5,2020,CWE-311,False,False,False,False,False,False,False,True,True,False,False
ICSA-20-343-04,2020-12-08,False,Schneider Electric,Schneider Electric Modicon M221 Programmable Logic Controller,High,"CWE-200, CWE-326, CWE-311, CWE-334, CWE-760",5,2020,CWE-311;CWE-326;CWE-334;CWE-760,True,False,False,False,False,True,False,True,True,True,False
ICSA-20-343-05,2020-12-08,False,Siemens,Siemens Embedded TCP/IP Stack Vulnerabilities-AMNESIA:33 (Update C),Medium,CWE-190,1,2020,,False,False,False,False,False,False,False,False,False,False,False
ICSA-20-343-06,2020-12-08,False,Siemens,Siemens XHQ Operations Intelligence,High,"CWE-352, CWE-200, CWE-79, CWE-80, CWE-89, CWE-23",7,2020,,False,False,False,False,False,False,False,False,False,False,False
ICSA-20-343-07,2020-12-08,False,Siemens,Siemens SICAM A8000 RTUs,High,CWE-693,1,2020,,False,False,False,False,False,False,False,False,False,False,False
ICSA-20-343-08,2020-12-08,False,Siemens,Siemens Products using TightVNC (Update A),Critical,"CWE-120, CWE-122, CWE-476",4,2020,,False,False,False,False,False,False,False,False,False,False,False
ICSA-20-343-09,2020-12-08,False,Siemens,Siemens SIMATIC Controller Web Servers,Medium,CWE-248,1,2020,,False,False,False,False,False,False,False,False,False,False,False
ICSA-20-352-01,2020-12-17,False,Emerson,Emerson Rosemount X-STREAM,High,CWE-287,1,2020,,False,False,False,False,False,False,False,False,False,False,False
ICSA-21-005-01,2021-01-05,True,Schneider Electric,Schneider Electric Web Server on Modicon M340,Medium,"CWE-120, CWE-125, CWE-787",3,2021,,False,False,False,False,False,False,False,False,False,False,False
ICSA-21-005-03,2021-01-05,True,GE,GE Reason RT43X Clocks,Critical,"CWE-94, CWE-321",2,2021,CWE-321,False,True,False,False,False,False,False,False,True,True,False
ICSA-21-007-01,2021-01-07,True,Hitachi and ABB,Hitachi ABB Power Grids FOX615 Multiservice-Multiplexer,Critical,CWE-287,1,2021,,False,False,False,False,False,False,False,False,False,False,False
ICSA-21-007-03,2021-01-07,True,Eaton,Eaton EASYsoft (Update A),Medium,"CWE-843, CWE-125",2,2021,,False,False,False,False,False,False,False,False,False,False,False
ICSA-21-012-01,2021-01-12,True,Schneider Electric,Schneider Electric EcoStruxure Power Build-Rapsody (Update A),High,CWE-434,2,2021,,False,False,False,False,False,False,False,False,False,False,False
ICSA-21-021-05,2021-01-21,True,M&M Software GmbH (Subsidiary of WAGO Kontakttechnik),WAGO M&M Software fdtCONTAINER (Update C),High,CWE-502,1,2021,,False,False,False,False,False,False,False,False,False,False,False
ICSA-21-026-02,2021-01-26,True,Bachmann Electronic GmbH,All Bachmann M1 System Processor Modules,High,CWE-916,1,2021,CWE-916,True,False,False,False,False,False,False,False,True,True,False
ICSA-21-033-02,2021-02-02,True,Siemens,Siemens SIMATIC HMI Comfort Panels & SIMATIC HMI KTP Mobile Panels,High,CWE-306,1,2021,,False,False,False,False,False,False,False,False,False,False,False
ICSA-21-040-02,2021-02-09,True,Advantech,Advantech iView,Critical,"CWE-22, CWE-89, CWE-306",4,2021,,False,False,False,False,False,False,False,False,False,False,False
ICSA-21-040-03,2021-02-09,True,Siemens,Siemens SINEMA Server & SINEC NMS,High,CWE-22,1,2021,,False,False,False,False,False,False,False,False,False,False,False
ICSA-21-040-08,2021-02-09,True,Siemens,Siemens SIMARIS Configuration (Update A),Medium,CWE-276,1,2021,,False,False,False,False,False,False,False,False,False,False,False
ICSA-21-040-09,2021-02-09,True,Siemens,SIMATIC WinCC Graphics Designer,Medium,CWE-288,1,2021,,False,False,False,False,False,False,False,False,False,False,False
ICSA-21-054-01,2021-02-23,True,Rockwell Automation,Rockwell Automation FactoryTalk Services Platform,Critical,CWE-916,1,2021,CWE-916,True,False,False,False,False,False,False,False,True,True,False
ICSA-21-054-03,2021-02-23,True,Advantech,Advantech Spectre RT Industrial Routers,Critical,"CWE-319, CWE-79, CWE-307, CWE-327, CWE-1103",9,2021,CWE-319;CWE-327,True,False,False,False,False,False,False,True,True,True,False
ICSA-21-056-03,2021-02-25,True,Rockwell Automation,Rockwell Automation Logix Controllers (Update A),Critical,CWE-522,1,2021,CWE-522,False,False,True,False,False,False,False,False,True,True,False
ICSA-21-061-01,2021-03-02,True,Hitachi and ABB,Hitachi ABB Power Grids Ellipse EAM,Medium,"CWE-79, CWE-451",2,2021,,False,False,False,False,False,False,False,False,False,False,False
ICSA-21-061-02,2021-03-02,True,Rockwell Automation,Rockwell Automation CompactLogix 5370 and ControlLogix 5570 Controllers (Update A),Medium,CWE-22,1,2021,,False,False,False,False,False,False,False,False,False,False,False
ICSA-21-063-02,2021-03-04,True,Schneider Electric,Schneider Electric EcoStruxure Building Operation (EBO),Medium,"CWE-284, CWE-79, CWE-611, CWE-428, CWE-434",7,2021,,False,False,False,False,False,False,False,False,False,False,False
ICSA-21-068-01,2021-03-09,True,Siemens,Siemens SIMATIC S7-PLCSIM,Medium,"CWE-369, CWE-835, CWE-476",3,2021,,False,False,False,False,False,False,False,False,False,False,False
ICSA-21-068-06,2021-03-09,True,Siemens,Siemens TCP/IP Stack Vulnerabilities-AMNESIA:33 in SENTRON PAC / 3VA Devices (Update B),Medium,"CWE-125, CWE-787",2,2021,,False,False,False,False,False,False,False,False,False,False,False
ICSA-21-068-07,2021-03-09,True,Siemens,Siemens TCP Stack of SIMATIC MV400,High,"CWE-1285, CWE-330",2,2021,CWE-330,False,False,False,False,False,True,False,False,True,True,False
ICSA-21-068-08,2021-03-09,True,Siemens,Siemens Energy PLUSCONTROL 1st Gen,Medium,CWE-342,1,2021,,False,False,False,False,False,False,False,False,False,False,False
ICSA-21-068-10,2021-03-09,True,Siemens,Siemens SCALANCE and SIMATIC libcurl (Update B),High,CWE-125,1,2021,,False,False,False,False,False,False,False,False,False,False,False
ICSA-21-070-01,2021-03-11,True,Schneider Electric,Schneider Electric IGSS SCADA Software,High,CWE-119,4,2021,,False,False,False,False,False,False,False,False,False,False,False
ICSA-21-075-01,2021-03-16,True,Advantech,Advantech WebAccess/SCADA,Medium,CWE-79,1,2021,,False,False,False,False,False,False,False,False,False,False,False
ICSA-21-075-02,2021-03-16,True,GE,GE UR family,Critical,"CWE-200, CWE-20, CWE-326, CWE-453, CWE-384, CWE-434, CWE-798",9,2021,CWE-326;CWE-798,True,True,False,False,False,False,False,False,True,True,False
ICSA-21-075-03,2021-03-16,True,Hitachi and ABB,Hitachi ABB Power Grids AFS Series,Medium,CWE-835,1,2021,,False,False,False,False,False,False,False,False,False,False,False
ICSA-21-077-02,2021-03-18,True,Hitachi and ABB,Hitachi ABB Power Grids eSOMS,High,CWE-200,1,2021,,False,False,False,False,False,False,False,False,False,False,False
ICSA-21-077-03,2021-03-18,True,Hitachi and ABB,Hitachi ABB Power Grids eSOMS Telerik,Critical,"CWE-502, CWE-20, CWE-22, CWE-326, CWE-522",4,2021,CWE-326;CWE-522,True,False,True,False,False,False,False,False,True,True,False
ICSA-21-082-03,2021-03-23,True,GE,GE Reason DR60,Critical,"CWE-250, CWE-94, CWE-259",3,2021,CWE-259,False,True,False,False,False,False,False,False,True,True,False
ICSA-21-096-01,2021-04-06,True,Hitachi Energy,Hitachi Energy Relion 670 650 SAM600IO (Update B),High,CWE-20,1,2021,,False,False,False,False,False,False,False,False,False,False,False
ICSA-21-103-01,2021-04-13,True,Schneider Electric,Schneider Electric SoMachine Basic,High,CWE-611,1,2021,,False,False,False,False,False,False,False,False,False,False,False
ICSA-21-103-02,2021-04-13,True,Advantech,Advantech WebAccessSCADA,High,CWE-732,1,2021,,False,False,False,False,False,False,False,False,False,False,False
ICSA-21-103-13,2021-04-13,True,Siemens,Siemens SIMOTICS CONNECT 400 (Update A,Medium,"CWE-788, CWE-170, CWE-125",4,2021,,False,False,False,False,False,False,False,False,False,False,False
ICSA-21-110-01,2021-04-20,True,Hitachi and ABB,Hitachi ABB Power Grids Ellipse APM,Medium,CWE-79,1,2021,,False,False,False,False,False,False,False,False,False,False,False
ICSA-21-110-03,2021-04-20,True,Delta Electronics,Delta Industrial Automation COMMGR,Critical,CWE-121,1,2021,,False,False,False,False,False,False,False,False,False,False,False
ICSA-21-110-06,2021-04-20,True,Eaton,Eaton Intelligent Power Manager,High,"CWE-94, CWE-20, CWE-95, CWE-89, CWE-434",6,2021,,False,False,False,False,False,False,False,False,False,False,False
ICSA-21-124-01,2021-05-04,True,Advantech,Advantech WISE-PaaS RMM,Critical,CWE-798,1,2021,CWE-798,False,True,False,False,False,False,False,False,True,True,False
ICSA-21-131-03,2021-05-11,True,Siemens,Siemens Linux-based Products (Update J),High,CWE-330,1,2021,CWE-330,False,False,False,False,False,True,False,False,True,True,False
ICSA-21-131-04,2021-05-11,True,Siemens,Siemens SINAMICS Medium Voltage Products Remote Access (Update B),High,"CWE-788, CWE-122, CWE-665, CWE-170, CWE-119, CWE-125, CWE-121, CWE-400",1,2021,,False,False,False,False,False,False,False,False,False,False,False
ICSA-21-131-06,2021-05-11,True,Siemens,Siemens SNMP Implementation of WinCC Runtime,Medium,CWE-787,1,2021,,False,False,False,False,False,False,False,False,False,False,False
ICSA-21-131-07,2021-05-11,True,Siemens,Siemens SIMATIC NET CP343-1,High,CWE-400,1,2021,,False,False,False,False,False,False,False,False,False,False,False
ICSA-21-131-11,2021-05-11,True,Siemens,Siemens SIMATIC UltraVNC HMI WinCC Products,Critical,"CWE-788, CWE-122, CWE-665, CWE-170, CWE-125, CWE-121",10,2021,,False,False,False,False,False,False,False,False,False,False,False
ICSA-21-131-12,2021-05-11,True,Siemens,Siemens SIMATIC SmartVNC HMI WinCC Products (Update B),Critical,"CWE-788, CWE-755, CWE-119, CWE-400",7,2021,,False,False,False,False,False,False,False,False,False,False,False
ICSA-21-131-13,2021-05-11,True,Siemens,Siemens SINAMICS Medium Voltage Products Telnet (Update A),High,CWE-306,1,2021,,False,False,False,False,False,False,False,False,False,False,False
ICSA-21-131-14,2021-05-11,True,Siemens,Siemens SCALANCE W1750D (Update B),Critical,"CWE-20, CWE-77, CWE-79, CWE-120, CWE-287, CWE-362",19,2021,,False,False,False,False,False,False,False,False,False,False,False
ICSA-21-131-15,2021-05-11,True,Siemens,Siemens SIMATIC S7-1500,High,"CWE-665, CWE-119",2,2021,,False,False,False,False,False,False,False,False,False,False,False
ICSA-21-133-01,2021-05-13,True,Rockwell Automation,Rockwell Automation Connected Components Workbench,High,"CWE-502, CWE-20, CWE-22",3,2021,,False,False,False,False,False,False,False,False,False,False,False
ICSA-21-138-01,2021-05-18,True,Emerson,Emerson Rosemount X-STREAM,High,"CWE-22, CWE-79, CWE-1021, CWE-326, CWE-434, CWE-539",6,2021,CWE-326,True,False,False,False,False,False,False,False,True,True,False
ICSA-21-152-01,2021-06-01,True,Siemens,Siemens SIMATIC S7-1200 and S7-1500 CPU Families (Update A),High,CWE-119,1,2021,,False,False,False,False,False,False,False,False,False,False,False
ICSA-21-159-03,2021-06-08,True,AVEVA,AVEVA InTouch,Medium,CWE-316,1,2021,,False,False,False,False,False,False,False,False,False,False,False
ICSA-21-159-04,2021-06-08,True,Schneider Electric,Schneider Electric IGSS,High,"CWE-824, CWE-22, CWE-119, CWE-125, CWE-787, CWE-763, CWE-416",13,2021,,False,False,False,False,False,False,False,False,False,False,False
ICSA-21-159-05,2021-06-08,True,Schneider Electric,Schneider Electric Modicon X80,Medium,CWE-200,1,2021,,False,False,False,False,False,False,False,False,False,False,False
ICSA-21-159-10,2021-06-08,True,Siemens,Siemens SIMATIC TIM libcurl,High,"CWE-200, CWE-295",2,2021,CWE-295,False,False,False,False,True,False,False,False,True,True,False
ICSA-21-159-11,2021-06-08,True,Siemens,Siemens SIMATIC NET CP 443-1 OPC UA,Critical,"CWE-19, CWE-20, CWE-119, CWE-120, CWE-125, CWE-200, CWE-287, CWE-362, CWE-682",15,2021,,False,False,False,False,False,False,False,False,False,False,False
ICSA-21-159-13,2021-06-08,True,Siemens,Siemens SIMATIC RFID (Update B),High,CWE-400,1,2021,,False,False,False,False,False,False,False,False,False,False,False
ICSA-21-161-01,2021-06-10,True,Rockwell Automation,Rockwell Automation FactoryTalk Services Platform,High,CWE-693,1,2021,,False,False,False,False,False,False,False,False,False,False,False
ICSA-21-168-01,2021-06-17,True,Schneider Electric,Schneider Electric Enerlin'X Com'X 510,High,CWE-269,1,2021,,False,False,False,False,False,False,False,False,False,False,False
ICSA-21-168-03,2021-06-17,True,Advantech,Advantech WebAccess/SCADA (Update A),High,"CWE-23, CWE-601",2,2021,,False,False,False,False,False,False,False,False,False,False,False
ICSA-21-173-01,2021-06-22,True,Advantech,Advantech WebAccess HMI Designer (Update A),High,"CWE-122, CWE-119, CWE-787",3,2021,,False,False,False,False,False,False,False,False,False,False,False
ICSA-21-180-05,2021-06-29,True,AVEVA,AVEVA System Platform (Update A),High,"CWE-306, CWE-248",2,2021,,False,False,False,False,False,False,False,False,False,False,False
ICSA-21-180-06,2021-06-29,True,Claroty,Claroty Secure Remote Access Site,Medium,CWE-288,1,2021,,False,False,False,False,False,False,False,False,False,False,False
ICSA-21-187-01,2021-07-06,True,Moxa,Moxa NPort IAW5000A-I/O Series Serial Device Server,Critical,"CWE-120, CWE-20, CWE-78, CWE-121",4,2021,,False,False,False,False,False,False,False,False,False,False,False
ICSA-21-189-02,2021-07-08,True,MDT Software,MDT AutoSave,Critical,"CWE-77, CWE-89, CWE-326, CWE-209, CWE-23, CWE-427, CWE-434",7,2021,CWE-326,True,False,False,False,False,False,False,False,True,True,False
ICSA-21-194-02,2021-07-13,True,Schneider Electric,Schneider Electric Modicon Controllers and Software (Update A),Critical,"CWE-290, CWE-502, CWE-522, CWE-311",6,2021,CWE-311;CWE-522,False,False,True,False,False,False,False,True,True,True,False
ICSA-21-194-03,2021-07-13,True,Siemens,Siemens PROFINET Devices (Update D),High,CWE-770,1,2021,,False,False,False,False,False,False,False,False,False,False,False
ICSA-21-194-05,2021-07-13,True,Siemens,Siemens SIMATIC Software Products,High,CWE-120,1,2021,,False,False,False,False,False,False,False,False,False,False,False
ICSA-21-194-06,2021-07-13,True,Siemens,Siemens SIMATIC Software Products (Update B),High,CWE-732,1,2021,,False,False,False,False,False,False,False,False,False,False,False
ICSA-21-194-07,2021-07-13,True,Siemens,Siemens Industrial Products LLDP (Update D),Critical,"CWE-120, CWE-400",2,2021,,False,False,False,False,False,False,False,False,False,False,False
ICSA-21-194-12,2021-07-13,True,Siemens,Siemens VxWorks-based Industrial Products (Update C),Critical,CWE-122,1,2021,,False,False,False,False,False,False,False,False,False,False,False
ICSA-21-194-13,2021-07-13,True,Siemens,Siemens SINAMICS PERFECT HARMONY GH180 (Update A),High,CWE-119,1,2021,,False,False,False,False,False,False,False,False,False,False,False
ICSA-21-194-14,2021-07-13,True,Siemens,Siemens RWG Universal Controllers,High,CWE-770,1,2021,,False,False,False,False,False,False,False,False,False,False,False
ICSA-21-208-03,2021-07-27,True,Geutebruck,Geutebruck G-Cam E2 and G-Code,Critical,"CWE-77, CWE-306, CWE-121",12,2021,,False,False,False,False,False,False,False,False,False,False,False
ICSA-21-210-01,2021-07-29,True,Hitachi and ABB,Hitachi ABB Power Grids eSOMS,High,CWE-522,1,2021,CWE-522,False,False,True,False,False,False,False,False,True,True,False
ICSA-21-217-03,2021-08-05,True,mySCADA Technologies,mySCADA myPRO,High,"CWE-548, CWE-284, CWE-22, CWE-434",4,2021,,False,False,False,False,False,False,False,False,False,False,False
ICSA-21-217-04,2021-08-05,True,Advantech,Advantech WebAccess SCADA,Critical,"CWE-79, CWE-23, CWE-121",3,2021,,False,False,False,False,False,False,False,False,False,False,False
ICSA-21-222-04,2021-08-10,True,Siemens,Siemens SINEC NMS,High,CWE-78,1,2021,,False,False,False,False,False,False,False,False,False,False,False
ICSA-21-222-05,2021-08-10,True,Siemens,Siemens Industrial Products Intel CPUs (Update G),High,CWE-311,12,2021,CWE-311,False,False,False,False,False,False,False,True,True,False,False
ICSA-21-222-07,2021-08-10,True,Siemens,Siemens SIMATIC CP (Update A),High,"CWE-125, CWE-416",2,2021,,False,False,False,False,False,False,False,False,False,False,False
ICSA-21-222-09,2021-08-10,True,Siemens,Siemens SIMATIC S7-1200 (Update A),High,CWE-287,1,2021,,False,False,False,False,False,False,False,False,False,False,False
ICSA-21-229-02,2021-08-17,True,Advantech,Advantech WebAccess/NMS,High,CWE-287,1,2021,,False,False,False,False,False,False,False,False,False,False,False
ICSA-21-229-03,2021-08-17,True,xArrow,xArrow SCADA,High,"CWE-22, CWE-79",3,2021,,False,False,False,False,False,False,False,False,False,False,False
ICSA-21-231-01,2021-08-19,True,AVEVA,AVEVA SuiteLink Server,High,"CWE-122, CWE-755, CWE-476",6,2021,,False,False,False,False,False,False,False,False,False,False,False
ICSA-21-231-02,2021-08-19,True,Bently Nevada (Subsidiary of Baker Hughes),Baker Hughes Bently Nevada 3500,High,CWE-916,1,2021,CWE-916,True,False,False,False,False,False,False,False,True,True,False
ICSA-21-236-01,2021-08-24,True,Hitachi and ABB,Hitachi ABB Power Grids TropOS,High,"CWE-287, CWE-20, CWE-74, CWE-354, CWE-326, CWE-306",12,2021,CWE-326;CWE-354,True,False,False,False,True,False,False,False,True,True,False
ICSA-21-236-02,2021-08-24,True,Hitachi and ABB,Hitachi ABB Power Grids Retail Operations and CSB Products,High,CWE-522,1,2021,CWE-522,False,False,True,False,False,False,False,False,True,True,False
ICSA-21-245-03,2021-09-02,True,Advantech,Advantech WebAccess,Critical,CWE-121,1,2021,,False,False,False,False,False,False,False,False,False,False,False
ICSA-21-250-02,2021-09-07,True,Hitachi and ABB,Hitachi ABB Power Grids System Data Manager,Medium,CWE-312,1,2021,CWE-312,False,False,False,False,False,False,False,True,True,False,False
ICSA-21-252-01,2021-09-09,True,AVEVA,AVEVA PCS Portal,High,CWE-427,1,2021,,False,False,False,False,False,False,False,False,False,False,False
ICSA-21-257-03,2021-09-14,False,Schneider Electric,Schneider Electric Struxureware Data Center Expert,Critical,"CWE-22, CWE-78",2,2021,,False,False,False,False,False,False,False,False,False,False,False
ICSA-21-257-06,2021-09-14,False,Siemens,Siemens SIMATIC CP (Update A),Medium,CWE-312,1,2021,CWE-312,False,False,False,False,False,False,False,True,True,False,False
ICSA-21-257-10,2021-09-14,False,Siemens,Siemens SIPROTEC 5 relays (Update A),Critical,CWE-120,2,2021,,False,False,False,False,False,False,False,False,False,False,False
ICSA-21-257-11,2021-09-14,False,Siemens,Siemens SIMATIC RFID,High,CWE-787,1,2021,,False,False,False,False,False,False,False,False,False,False,False
ICSA-21-257-13,2021-09-14,False,Siemens,Siemens LOGO! CMR and SIMATIC RTU 3000,Medium,CWE-330,1,2021,CWE-330,False,False,False,False,False,True,False,False,True,True,False
ICSA-21-257-15,2021-09-14,False,Siemens,Siemens SIMATIC NET CP Modules,High,CWE-119,1,2021,,False,False,False,False,False,False,False,False,False,False,False
ICSA-21-257-20,2021-09-14,False,Siemens,Siemens LOGO! CMR and SIMATIC RTU 3000,High,"CWE-295, CWE-131",1,2021,CWE-295,False,False,False,False,True,False,False,False,True,True,False
ICSA-21-257-23,2021-09-14,False,Siemens,Siemens SIMATIC and TIM,Medium,CWE-863,1,2021,,False,False,False,False,False,False,False,False,False,False,False
ICSA-21-259-02,2021-09-16,False,Schneider Electric,Schneider Electric EcoStruxure and SCADAPack,High,CWE-22,1,2021,,False,False,False,False,False,False,False,False,False,False,False
ICSA-21-278-02,2021-10-05,False,Emerson,Emerson WirelessHART Gateway,High,"CWE-200, CWE-20, CWE-22, CWE-78, CWE-306, CWE-123",6,2021,,False,False,False,False,False,False,False,False,False,False,False
ICSA-21-278-03,2021-10-05,False,Moxa,Moxa MXview Network Management Software,Critical,"CWE-284, CWE-22, CWE-74, CWE-523, CWE-259",5,2021,CWE-259;CWE-523,False,True,False,False,False,False,False,True,True,True,False
ICSA-21-278-04,2021-10-05,False,Honeywell,Honeywell Experion PKS and ACE Controllers,Critical,"CWE-74, CWE-23, CWE-434",3,2021,,False,False,False,False,False,False,False,False,False,False,False
ICSA-21-285-01,2021-10-12,False,Advantech,Advantech WebAccess SCADA,Medium,CWE-862,1,2021,,False,False,False,False,False,False,False,False,False,False,False
ICSA-21-285-02,2021-10-12,False,Advantech,Advantech WebAccess,Critical,"CWE-122, CWE-121",2,2021,,False,False,False,False,False,False,False,False,False,False,False
ICSA-21-285-03,2021-10-12,False,Schneider Electric,Schneider Electric IGSS,Critical,"CWE-120, CWE-22, CWE-306, CWE-434",4,2021,,False,False,False,False,False,False,False,False,False,False,False
ICSA-21-287-01,2021-10-14,False,Schneider Electric,Schneider Electric CNM,High,CWE-269,1,2021,,False,False,False,False,False,False,False,False,False,False,False
ICSA-21-287-05,2021-10-14,False,Siemens,Siemens SINEC NMS,High,"CWE-22, CWE-89, CWE-200, CWE-285, CWE-502",15,2021,,False,False,False,False,False,False,False,False,False,False,False
ICSA-21-287-07,2021-10-14,False,Siemens,Siemens SCALANCE (Update A),Critical,"CWE-120, CWE-352, CWE-22, CWE-77, CWE-78, CWE-311",15,2021,CWE-311,False,False,False,False,False,False,False,True,True,False,False
ICSA-21-287-09,2021-10-14,False,Siemens,Siemens SIMATIC Process Historian,Critical,CWE-306,1,2021,,False,False,False,False,False,False,False,False,False,False,False
ICSA-21-308-02,2021-11-04,False,AzeoTech,AzeoTech DAQFactory,High,"CWE-319, CWE-502, CWE-471, CWE-242",4,2021,CWE-319,False,False,False,False,False,False,False,True,True,False,False
ICSA-21-313-01,2021-11-09,False,Schneider Electric,Schneider Electric NMC cards and Embedded Devices,Medium,"CWE-200, CWE-79",6,2021,,False,False,False,False,False,False,False,False,False,False,False
ICSA-21-313-04,2021-11-09,False,mySCADA Technologies,mySCADA myDESIGNER,High,CWE-23,1,2021,,False,False,False,False,False,False,False,False,False,False,False
ICSA-21-315-01,2021-11-11,False,WECON,WECON PLC Editor,High,"CWE-787, CWE-121",2,2021,,False,False,False,False,False,False,False,False,False,False,False
ICSA-21-315-03,2021-11-11,False,Siemens,Siemens SIMATIC WinCC (Update E),Critical,"CWE-22, CWE-532",3,2021,,False,False,False,False,False,False,False,False,False,False,False
ICSA-21-315-11,2021-11-11,False,Siemens,Siemens SIMATIC RTLS Locating Manager,Medium,"CWE-312, CWE-20, CWE-532",3,2021,CWE-312,False,False,False,False,False,False,False,True,True,False,False
ICSA-21-334-05,2021-11-30,False,Hitachi Energy,Hitachi Energy Retail Operations and CSB Software,High,CWE-284,1,2021,,False,False,False,False,False,False,False,False,False,False,False
ICSA-21-336-01,2021-12-02,False,Schneider Electric,Schneider Electric SESU,Low,CWE-331,1,2021,CWE-331,False,False,False,False,False,True,False,False,True,True,False
ICSA-21-336-04,2021-12-02,False,Hitachi Energy,Hitachi Energy RTU500 series BCI,High,CWE-20,1,2021,,False,False,False,False,False,False,False,False,False,False,False
ICSA-21-336-05,2021-12-02,False,Hitachi Energy,Hitachi Energy Relion 670/650/SAM600-IO (Update A),High,CWE-1188,1,2021,,False,False,False,False,False,False,False,False,False,False,False
ICSA-21-336-06,2021-12-02,False,Hitachi Energy,Hitachi Energy APM Edge (Update A),High,"CWE-1357, CWE-787, CWE-190, CWE-476, CWE-416, CWE-776, CWE-120, CWE-122, CWE-184, CWE-347, CWE-362, CWE-125, CWE-121, CWE-285, CWE-330, CWE-327, CWE-203, CWE-401",29,2021,CWE-327;CWE-330;CWE-347,True,False,False,False,True,True,False,False,True,True,False
ICSA-21-336-07,2021-12-02,False,Hitachi Energy,Hitachi Energy PCM600 Update Manager,Medium,CWE-295,1,2021,CWE-295,False,False,False,False,True,False,False,False,True,True,False
ICSA-21-336-08,2021-12-02,False,Hitachi Energy,Hitachi Energy RTU500 series,High,"CWE-126, CWE-203, CWE-125",3,2021,,False,False,False,False,False,False,False,False,False,False,False
ICSA-21-341-01,2021-12-07,False,Hitachi Energy,Hitachi Energy RTU500 OpenLDAP,High,"CWE-843, CWE-617",2,2021,,False,False,False,False,False,False,False,False,False,False,False
ICSA-21-343-02,2021-12-09,False,WECON,WECON LeviStudioU,High,CWE-121,1,2021,,False,False,False,False,False,False,False,False,False,False,False
ICSA-21-348-01,2021-12-14,False,Advantech,Advantech R-SeeNet,High,"CWE-89, CWE-269",26,2021,,False,False,False,False,False,False,False,False,False,False,False
ICSA-21-348-02,2021-12-14,False,Schneider Electric,Schneider Electric Rack PDU,Medium,CWE-200,1,2021,,False,False,False,False,False,False,False,False,False,False,False
ICSA-21-350-11,2021-12-16,False,Siemens,Siemens SIMATIC eaSie PCS 7 Skill Package,Medium,CWE-22,1,2021,,False,False,False,False,False,False,False,False,False,False,False
ICSA-21-350-12,2021-12-16,False,Siemens,Siemens SIMATIC ITC,Critical,CWE-1035,19,2021,,False,False,False,False,False,False,False,False,False,False,False
ICSA-21-355-01,2021-12-21,False,mySCADA Technologies,mySCADA myPRO,Critical,"CWE-288, CWE-912, CWE-78, CWE-916",8,2021,CWE-916,True,False,False,False,False,False,False,False,True,True,False
ICSA-21-355-03,2021-12-21,False,WECON,WECON LeviStudioU,High,"CWE-122, CWE-121",2,2021,,False,False,False,False,False,False,False,False,False,False,False
ICSA-21-355-04,2021-12-21,False,Emerson,Emerson DeltaV,High,"CWE-306, CWE-427",2,2021,,False,False,False,False,False,False,False,False,False,False,False
ICSA-22-006-02,2022-01-06,True,Fernhill Software Ltd.,Fernhill SCADA,High,CWE-400,1,2022,,False,False,False,False,False,False,False,False,False,False,False
ICSA-22-013-02,2022-01-13,True,Siemens,Siemens SICAM A8000,Critical,"CWE-284, CWE-798",2,2022,CWE-798,False,True,False,False,False,False,False,False,True,True,False
ICSA-22-013-04,2022-01-13,True,Siemens,Siemens SIPROTEC 5 Devices,Medium,CWE-20,1,2022,,False,False,False,False,False,False,False,False,False,False,False
ICSA-22-013-06,2022-01-13,True,Siemens,Siemens SICAM PQ Analyzer,Low,CWE-428,1,2022,,False,False,False,False,False,False,False,False,False,False,False
ICSA-22-025-01,2022-01-25,True,GE,GE Gas Power ToolBoxST,High,"CWE-22, CWE-611",2,2022,,False,False,False,False,False,False,False,False,False,False,False
ICSA-22-032-02,2022-02-01,True,Advantech,Advantech ADAM-3600,Critical,CWE-321,1,2022,CWE-321,False,True,False,False,False,False,False,False,True,True,False
ICSA-22-041-01,2022-02-10,True,Siemens,Siemens SIMATIC Industrial Products (Update B),High,CWE-601,1,2022,,False,False,False,False,False,False,False,False,False,False,False
ICSA-22-041-02,2022-02-10,True,Siemens,Siemens SIMATIC WinCC and PCS (Update C),Medium,"CWE-200, CWE-538",2,2022,,False,False,False,False,False,False,False,False,False,False,False
ICSA-22-046-01,2022-02-15,True,Schneider Electric,Schneider Electric IGSS,Critical,"CWE-190, CWE-22, CWE-120, CWE-125, CWE-665, CWE-862",8,2022,,False,False,False,False,False,False,False,False,False,False,False
ICSA-22-055-03,2022-02-24,True,Schneider Electric,Schneider Electric Easergy P5 and P3 (Update A),High,"CWE-798, CWE-120, CWE-20",4,2022,CWE-798,False,True,False,False,False,False,False,False,True,True,False
ICSA-22-069-02,2022-03-10,True,Siemens,Siemens SIMOTICS CONNECT 400,High,"CWE-843, CWE-1284, CWE-191, CWE-240",4,2022,,False,False,False,False,False,False,False,False,False,False,False
ICSA-22-069-03,2022-03-10,True,Siemens,Siemens SINEC NMS,High,"CWE-89, CWE-502, CWE-269",3,2022,,False,False,False,False,False,False,False,False,False,False,False
ICSA-22-069-08,2022-03-10,True,Siemens,Siemens Polarion ALM,Medium,CWE-79,1,2022,,False,False,False,False,False,False,False,False,False,False,False
ICSA-22-069-09,2022-03-10,True,Siemens,Siemens SINEC INS,Critical,CWE-1035,71,2022,,False,False,False,False,False,False,False,False,False,False,False
ICSA-22-074-01,2022-03-15,True,ABB,ABB OPC Server for AC 800M,High,CWE-250,1,2022,,False,False,False,False,False,False,False,False,False,False,False
ICSA-22-083-01,2022-03-24,True,Yokogawa,Yokogawa CENTUM and Exaopc,High,"CWE-798, CWE-23, CWE-117, CWE-78, CWE-264, CWE-427",10,2022,CWE-798,False,True,False,False,False,False,False,False,True,True,False
ICSA-22-083-02,2022-03-24,True,mySCADA Technologies,mySCADA myPRO,High,CWE-77,1,2022,,False,False,False,False,False,False,False,False,False,False,False
ICSA-22-090-01,2022-03-31,True,Schneider Electric,Schneider Electric SCADAPack Workbench,Medium,CWE-611,1,2022,,False,False,False,False,False,False,False,False,False,False,False
ICSA-22-090-02,2022-03-31,True,Hitachi Energy,Hitachi Energy e-mesh EMS,High,"CWE-119, CWE-400, CWE-416",4,2022,,False,False,False,False,False,False,False,False,False,False,False
ICSA-22-090-05,2022-03-31,True,Rockwell Automation,Rockwell Automation Logix Controllers,Critical,CWE-829,1,2022,,False,False,False,False,False,False,False,False,False,False,False
ICSA-22-090-06,2022-03-31,True,General Electric Renewable Energy,General Electric Renewable Energy MDS Radios,Critical,"CWE-20, CWE-912, CWE-326, CWE-400, CWE-256, CWE-494",6,2022,CWE-256;CWE-326,True,False,True,False,False,False,False,False,True,True,False
ICSA-22-090-07,2022-03-31,True,Rockwell Automation,Rockwell Automation Studio 5000 Logix Designer,High,CWE-94,1,2022,,False,False,False,False,False,False,False,False,False,False,False
ICSA-22-097-02,2022-04-07,True,ABB,ABB SPIET800 and PNI800,High,"CWE-372, CWE-241, CWE-400",3,2022,,False,False,False,False,False,False,False,False,False,False,False
ICSA-22-102-03,2022-04-12,True,Inductive Automation,Inductive Automation Ignition,Medium,CWE-22,1,2022,,False,False,False,False,False,False,False,False,False,False,False
ICSA-22-104-05,2022-04-14,True,Siemens,Siemens OpenSSL Vulnerabilities in Industrial Products (Update B),Medium,CWE-476,1,2022,,False,False,False,False,False,False,False,False,False,False,False
ICSA-22-104-06,2022-04-14,True,Siemens,Siemens PROFINET Stack Integrated on Interniche Stack (Update E),Medium,CWE-400,1,2022,,False,False,False,False,False,False,False,False,False,False,False
ICSA-22-104-11,2022-04-14,True,Siemens,Siemens SIMATIC Energy Manager,Critical,"CWE-732, CWE-427, CWE-502",3,2022,,False,False,False,False,False,False,False,False,False,False,False
ICSA-22-104-12,2022-04-14,True,Siemens,Siemens SIMATIC S7-400 (Update A),High,CWE-119,1,2022,,False,False,False,False,False,False,False,False,False,False,False
ICSA-22-104-13,2022-04-14,True,Siemens,Siemens SIMATIC S7-1500 CPU GNU/Linux subsystem (Update A),Critical,CWE-1104,0,2022,,False,False,False,False,False,False,False,False,False,False,False
ICSA-22-104-14,2022-04-14,True,Siemens,Siemens SIMATIC STEP 7 (TIA Portal),Medium,CWE-284,1,2022,,False,False,False,False,False,False,False,False,False,False,False
ICSA-22-104-16,2022-04-14,True,Siemens,Siemens TIA Administrator (Update A),High,CWE-400,1,2022,,False,False,False,False,False,False,False,False,False,False,False
ICSA-22-111-03,2022-04-21,True,Hitachi Energy,Hitachi Energy MicroSCADA Pro/X SYS600,High,"CWE-203, CWE-444, CWE-120, CWE-295, CWE-119, CWE-200",9,2022,CWE-295,False,False,False,False,True,False,False,False,True,True,False
ICSA-22-116-01,2022-04-26,True,Hitachi Energy,Hitachi Energy System Data Manager,High,"CWE-203, CWE-674, CWE-617, CWE-843, CWE-190",7,2022,,False,False,False,False,False,False,False,False,False,False,False
ICSA-22-123-01,2022-05-03,True,Yokogawa,Yokogawa CENTUM and ProSafe-RS,High,"CWE-78, CWE-287, CWE-476, CWE-20, CWE-399",5,2022,,False,False,False,False,False,False,False,False,False,False,False
ICSA-22-130-05,2022-05-10,True,AVEVA,AVEVA InTouch Access Anywhere and Plant SCADA Access Anywhere,High,CWE-668,1,2022,,False,False,False,False,False,False,False,False,False,False,False
ICSA-22-132-05,2022-05-12,True,Siemens,Siemens Industrial PCs and CNC devices (Update A),High,"CWE-20, CWE-287, CWE-1189, CWE-269",4,2022,,False,False,False,False,False,False,False,False,False,False,False
ICSA-22-132-06,2022-05-12,True,Siemens,Siemens SIMATIC WinCC (Update A),High,CWE-1188,1,2022,,False,False,False,False,False,False,False,False,False,False,False
ICSA-22-132-08,2022-05-12,True,Siemens,Siemens Industrial Products with OPC UA (Update C),Medium,CWE-476,1,2022,,False,False,False,False,False,False,False,False,False,False,False
ICSA-22-132-11,2022-05-12,True,Siemens,Siemens SIMATIC CP 44x-1 RNA,High,CWE-400,1,2022,,False,False,False,False,False,False,False,False,False,False,False
ICSA-22-132-12,2022-05-12,True,Siemens,Siemens Industrial Products (Update C),High,CWE-119,1,2022,,False,False,False,False,False,False,False,False,False,False,False
ICSA-22-132-13,2022-05-12,True,Siemens,Siemens Industrial Devices using libcurl (Update B),High,CWE-416,2,2022,,False,False,False,False,False,False,False,False,False,False,False
ICSA-22-144-01,2022-05-24,True,Rockwell Automation,Rockwell Automation Logix Controllers,Medium,CWE-400,1,2022,,False,False,False,False,False,False,False,False,False,False,False
ICSA-22-165-02,2022-06-14,True,Meridian Cooperative,Meridian Cooperative Meridian,High,CWE-284,1,2022,,False,False,False,False,False,False,False,False,False,False,False
ICSA-22-167-05,2022-06-16,True,Siemens,Siemens EN100 Ethernet Module,High,CWE-119,1,2022,,False,False,False,False,False,False,False,False,False,False,False
ICSA-22-167-12,2022-06-16,True,Siemens,Siemens Spectrum Power Systems,High,CWE-798,1,2022,CWE-798,False,True,False,False,False,False,False,False,True,True,False
ICSA-22-167-14,2022-06-16,True,Siemens,Siemens OpenSSL Affected Industrial Products (Update E),High,CWE-835,1,2022,,False,False,False,False,False,False,False,False,False,False,False
ICSA-22-172-06,2022-06-21,True,Siemens,Siemens WinCC OA,Critical,CWE-603,1,2022,,False,False,False,False,False,False,False,False,False,False,False
ICSA-22-174-02,2022-06-23,True,Yokogawa,Yokogawa CAMS for HIS,Medium,CWE-657,1,2022,,False,False,False,False,False,False,False,False,False,False,False
ICSA-22-174-05,2022-06-23,True,Elcomplus,Elcomplus SmartICS,High,"CWE-79, CWE-23, CWE-284",3,2022,,False,False,False,False,False,False,False,False,False,False,False
ICSA-22-179-01,2022-06-28,True,ABB,ABB e-Design,High,CWE-276,2,2022,,False,False,False,False,False,False,False,False,False,False,False
ICSA-22-181-02,2022-06-30,True,Yokogawa,Yokogawa Wide Area Communication Router,Medium,CWE-330,1,2022,CWE-330,False,False,False,False,False,True,False,False,True,True,False
ICSA-22-181-03,2022-06-30,True,Emerson,Emerson DeltaV Distributed Control System,High,"CWE-306, CWE-798, CWE-345, CWE-327",6,2022,CWE-327;CWE-345;CWE-798,True,True,False,False,True,False,False,False,True,True,False
ICSA-22-195-02,2022-07-14,True,Siemens,Siemens SICAM GridEdge,Medium,CWE-668,1,2022,,False,False,False,False,False,False,False,False,False,False,False
ICSA-22-195-03,2022-07-14,True,Siemens,Siemens SIMATIC MV500 Devices,High,"CWE-613, CWE-306",2,2022,,False,False,False,False,False,False,False,False,False,False,False
ICSA-22-195-12,2022-07-14,True,Siemens,Siemens SRCS VPN Feature in SIMATIC CP Devices (Update A),Critical,"CWE-122, CWE-77, CWE-94",3,2022,,False,False,False,False,False,False,False,False,False,False,False
ICSA-22-195-15,2022-07-14,True,Siemens,Siemens SIMATIC eaSie Core Package,Critical,"CWE-20, CWE-306",2,2022,,False,False,False,False,False,False,False,False,False,False,False
ICSA-22-195-16,2022-07-14,True,Siemens,Siemens EN100 Ethernet Module,High,CWE-119,1,2022,,False,False,False,False,False,False,False,False,False,False,False
ICSA-22-207-01,2022-07-26,True,Inductive Automation,Inductive Automation Ignition (Update A),High,CWE-611,1,2022,,False,False,False,False,False,False,False,False,False,False,False
ICSA-22-207-02,2022-07-26,True,Honeywell,Honeywell Safety Manager,High,"CWE-345, CWE-798, CWE-306",4,2022,CWE-345;CWE-798,False,True,False,False,True,False,False,False,True,True,False
ICSA-22-207-04,2022-07-26,True,Moxa,MOXA NPort 5110,High,CWE-787,2,2022,,False,False,False,False,False,False,False,False,False,False,False
ICSA-22-221-02,2022-08-09,True,Emerson,Emerson ControlWave,Critical,CWE-345,1,2022,CWE-345,False,False,False,False,True,False,False,False,True,True,False
ICSA-22-221-03,2022-08-09,True,Emerson,Emerson OpenBSI,Critical,"CWE-327, CWE-321",2,2022,CWE-321;CWE-327,True,True,False,False,False,False,False,False,True,True,False
ICSA-22-223-03,2022-08-11,True,Schneider Electric,"Schneider Electric EcoStruxure, EcoStruxure Process Expert, SCADAPack RemoteConnect for x70",Critical,"CWE-122, CWE-191, CWE-120, CWE-125",13,2022,,False,False,False,False,False,False,False,False,False,False,False
ICSA-22-223-04,2022-08-11,True,Emerson,"Emerson ROC800, ROC800L and DL8000",Medium,CWE-345,1,2022,CWE-345,False,False,False,False,True,False,False,False,True,True,False
ICSA-22-223-05,2022-08-11,True,Siemens,Siemens SICAM A8000 Web Server Module,Medium,CWE-284,1,2022,,False,False,False,False,False,False,False,False,False,False,False
ICSA-22-228-01,2022-08-16,True,Yokogawa,Yokogawa CENTUM Controller FCS,Medium,CWE-399,1,2022,,False,False,False,False,False,False,False,False,False,False,False
ICSA-22-228-05,2022-08-16,True,B&R Industrial Automation GmbH,B&R Industrial Automation Automation Studio 4,High,CWE-20,1,2022,,False,False,False,False,False,False,False,False,False,False,False
ICSA-22-228-06,2022-08-16,True,Emerson,Emerson Proficy Machine Edition,Critical,"CWE-353, CWE-284, CWE-434, CWE-347, CWE-345, CWE-29",6,2022,CWE-345;CWE-347,False,False,False,False,True,False,False,False,True,True,False
ICSA-22-235-03,2022-08-23,True,mySCADA Technologies,mySCADA myPRO,Critical,CWE-77,1,2022,,False,False,False,False,False,False,False,False,False,False,False
ICSA-22-235-05,2022-08-23,True,Measuresoft,Measuresoft ScadaPro Server,High,CWE-787,1,2022,,False,False,False,False,False,False,False,False,False,False,False
ICSA-22-235-06,2022-08-23,True,Measuresoft,Measuresoft ScadaPro Server and Client,High,"CWE-822, CWE-121, CWE-416, CWE-59",5,2022,,False,False,False,False,False,False,False,False,False,False,False
ICSA-22-235-07,2022-08-23,True,Hitachi Energy,Hitachi Energy RTU500,High,CWE-121,1,2022,,False,False,False,False,False,False,False,False,False,False,False
ICSA-22-242-01,2022-08-30,True,Hitachi Energy,Hitachi Energy FACTS Control Platform (FCP) Product,High,CWE-1357,7,2022,,False,False,False,False,False,False,False,False,False,False,False
ICSA-22-242-02,2022-08-30,True,Hitachi Energy,Hitachi Energy Gateway Station (GWS) Product,High,CWE-1357,7,2022,,False,False,False,False,False,False,False,False,False,False,False
ICSA-22-242-03,2022-08-30,True,Hitachi Energy,Hitachi Energy MSM Product,High,CWE-1357,13,2022,,False,False,False,False,False,False,False,False,False,False,False
ICSA-22-242-04,2022-08-30,True,Hitachi Energy,Hitachi Energy RTU500 series,High,CWE-20,1,2022,,False,False,False,False,False,False,False,False,False,False,False
ICSA-22-242-07,2022-08-30,True,Honeywell,Honeywell Experion LX,Critical,CWE-306,1,2022,,False,False,False,False,False,False,False,False,False,False,False
ICSA-22-249-01,2022-09-06,True,Triangle MicroWorks,Triangle Microworks Libraries,High,CWE-824,1,2022,,False,False,False,False,False,False,False,False,False,False,False
ICSA-22-249-04,2022-09-06,True,Hitachi Energy,Hitachi Energy TXpert Hub CoreTec 4,Medium,"CWE-288, CWE-20, CWE-494",3,2022,,False,False,False,False,False,False,False,False,False,False,False
ICSA-22-251-01,2022-09-08,True,MZ Automation GmbH,MZ Automation libIEC61850,Critical,"CWE-121, CWE843, CWE-476",4,2022,,False,False,False,False,False,False,False,False,False,False,False
ICSA-22-256-01,2022-09-13,False,Hitachi Energy,Hitachi Energy TXpert Hub CoreTec 4 Sudo Vulnerability,High,CWE-193,1,2022,,False,False,False,False,False,False,False,False,False,False,False
ICSA-22-263-01,2022-09-20,False,Hitachi Energy,Hitachi Energy PROMOD IV,Critical,CWE-284,1,2022,,False,False,False,False,False,False,False,False,False,False,False
ICSA-22-263-02,2022-09-20,False,Hitachi Energy,Hitachi Energy AFF660/665 Series,Critical,CWE-121,1,2022,,False,False,False,False,False,False,False,False,False,False,False
ICSA-22-265-01,2022-09-22,False,Measuresoft,Measuresoft ScadaPro Server,High,CWE-284,1,2022,,False,False,False,False,False,False,False,False,False,False,False
ICSA-22-270-01,2022-09-27,False,Hitachi Energy,Hitachi Energy AFS660/AFS665,Critical,CWE-20,1,2022,,False,False,False,False,False,False,False,False,False,False,False
ICSA-22-270-02,2022-09-27,False,Hitachi Energy,Hitachi Energy APM Edge,High,"CWE-287, CWE-787",2,2022,,False,False,False,False,False,False,False,False,False,False,False
ICSA-22-272-01,2022-09-29,False,Hitachi Energy,Hitachi Energy MicroSCADA Pro X SYS600_8DBD000106,High,"CWE-20, CWE-269, CWE-284, CWE-241",5,2022,,False,False,False,False,False,False,False,False,False,False,False
ICSA-22-272-02,2022-09-29,False,Hitachi Energy,Hitachi Energy MicroSCADA Pro X SYS600_8DBD000107,High,CWE-1357,2,2022,,False,False,False,False,False,False,False,False,False,False,False
ICSA-22-277-02,2022-10-04,False,Hitachi Energy,Hitachi Energy Modular Switchgear Monitoring,Medium,"CWE-352, CWE-113",2,2022,,False,False,False,False,False,False,False,False,False,False,False
ICSA-22-284-02,2022-10-11,False,Daikin Holdings Singapore Pte Ltd,Daikin SVMPC1 and SVMPC2,Critical,"CWE-259, CWE-284",2,2022,CWE-259,False,True,False,False,False,False,False,False,True,True,False
ICSA-22-286-04,2022-10-13,False,Siemens,Siemens SIMATIC S7-1200 and S7-1500 CPU Families,Critical,CWE-522,1,2022,CWE-522,False,False,True,False,False,False,False,False,True,True,False
ICSA-22-286-05,2022-10-13,False,Hitachi Energy,Hitachi Energy Lumada Asset Performance Management Prognostic Model Executor Service,High,"CWE-770, CWE-94",2,2022,,False,False,False,False,False,False,False,False,False,False,False
ICSA-22-286-13,2022-10-13,False,Siemens,Siemens LOGO! 8 BM Devices,Critical,"CWE-120, CWE-20, CWE-1285",3,2022,,False,False,False,False,False,False,False,False,False,False,False
ICSA-22-286-14,2022-10-13,False,Siemens,Siemens SIMATIC HMI Panels,High,CWE-20,1,2022,,False,False,False,False,False,False,False,False,False,False,False
ICSA-22-291-01,2022-10-18,False,Advantech,Advantech R-SeeNet,Critical,"CWE-22, CWE-121",3,2022,,False,False,False,False,False,False,False,False,False,False,False
ICSA-22-298-02,2022-10-25,False,HEIDENHAIN,HEIDENHAIN Controller TNC (Update A),Critical,CWE-1188,1,2022,,False,False,False,False,False,False,False,False,False,False,False
ICSA-22-298-04,2022-10-25,False,Hitachi Energy,Hitachi Energy MicroSCADA X DMS600,High,CWE-1357,2,2022,,False,False,False,False,False,False,False,False,False,False,False
ICSA-22-298-07,2022-10-25,False,Delta Electronics,Delta Electronics InfraSuite Device Master (Update A),Critical,"CWE-502, CWE-22, CWE-306",10,2022,,False,False,False,False,False,False,False,False,False,False,False
ICSA-22-300-02,2022-10-27,False,SAUTER Controls,SAUTER Controls moduWeb,High,CWE-79,1,2022,,False,False,False,False,False,False,False,False,False,False,False
ICSA-22-300-04,2022-10-27,False,Trihedral,Trihedral VTScada,High,CWE-20,1,2022,,False,False,False,False,False,False,False,False,False,False,False
ICSA-22-307-01,2022-11-03,False,ETIC Telecom,ETIC Telecom Remote Access Server (RAS) (Update B),Medium,"CWE-345, CWE-22, CWE-434, CWE-79, CWE-319, CWE-352",8,2022,CWE-319;CWE-345,False,False,False,False,True,False,False,True,True,True,False
ICSA-22-314-02,2022-11-10,False,Siemens,Siemens Web Server Login Page of Industrial Controllers (Update A),Medium,CWE-352,1,2022,,False,False,False,False,False,False,False,False,False,False,False
ICSA-22-314-03,2022-11-10,False,Siemens,Siemens SINEC Network Management System Logback Component,Medium,CWE-502,1,2022,,False,False,False,False,False,False,False,False,False,False,False
ICSA-22-326-05,2022-11-22,False,Moxa,Moxa Multiple ARM-Based Computers,High,CWE-250,1,2022,,False,False,False,False,False,False,False,False,False,False,False
ICSA-22-333-02,2022-11-29,False,Hitachi Energy,Hitachi Energy IED Connectivity Packages and PCM600 Products (Update A),High,CWE-312,1,2022,CWE-312,False,False,False,False,False,False,False,True,True,False,False
ICSA-22-333-03,2022-11-29,False,Hitachi Energy,Hitachi Energy MicroSCADA Pro/X SYS600 Products (Update A),High,CWE-1173,1,2022,,False,False,False,False,False,False,False,False,False,False,False
ICSA-22-342-03,2022-12-08,False,Rockwell Automation,Rockwell Automation Logix controllers,High,CWE-20,1,2022,,False,False,False,False,False,False,False,False,False,False,False
ICSA-22-349-01,2022-12-15,False,Prosys OPC,Prosys OPC UA Simulation Server (Update A),Medium,CWE-522,1,2022,CWE-522,False,False,True,False,False,False,False,False,True,True,False
ICSA-22-349-02,2022-12-15,False,Siemens,Siemens SCALANCE X-200RNA Switch Devices,High,"CWE-80, CWE-400, CWE-330, CWE-284, CWE-200",6,2022,CWE-330,False,False,False,False,False,True,False,False,True,True,False
ICSA-22-349-03,2022-12-15,False,Siemens,Siemens Multiple Denial of Service Vulnerabilities in Industrial Products,High,"CWE-20, CWE-1284, CWE-1287, CWE-1286",4,2022,,False,False,False,False,False,False,False,False,False,False,False
ICSA-22-349-06,2022-12-15,False,Siemens,Siemens SIMATIC WinCC OA Ultralight Client,Medium,CWE-88,1,2022,,False,False,False,False,False,False,False,False,False,False,False
ICSA-22-349-09,2022-12-15,False,Siemens,Siemens Products affected by OpenSSL 3.0,High,CWE-120,2,2022,,False,False,False,False,False,False,False,False,False,False,False
ICSA-22-349-19,2022-12-15,False,Siemens,Siemens SICAM PAS,High,"CWE-427, CWE-1287, CWE-319",3,2022,CWE-319,False,False,False,False,False,False,False,True,True,False,False
ICSA-22-354-02,2022-12-20,False,Rockwell Automation,Rockwell Automation GuardLogix and ControlLogix controllers,High,CWE-20,1,2022,,False,False,False,False,False,False,False,False,False,False,False
ICSA-22-354-03,2022-12-20,False,ARC Informatique,ARC Informatique PcVue (Update A),Medium,"CWE-312, CWE-532",2,2022,CWE-312,False,False,False,False,False,False,False,True,True,False,False
ICSA-22-354-05,2022-12-20,False,Delta Electronics,Delta 4G Router DX-3021,High,CWE-77,1,2022,,False,False,False,False,False,False,False,False,False,False,False
ICSA-22-356-01,2022-12-22,False,Priva,Priva TopControl Suite,High,CWE-916,1,2022,CWE-916,True,False,False,False,False,False,False,False,True,True,False
ICSA-23-005-01,2023-01-05,True,Hitachi Energy,Hitachi Energy UNEM,High,"CWE-326, CWE-321, CWE-319",5,2023,CWE-319;CWE-321;CWE-326,True,True,False,False,False,False,False,True,True,True,False
ICSA-23-005-02,2023-01-05,True,Hitachi Energy,Hitachi Energy FOXMAN-UN,High,"CWE-326, CWE-1394, CWE-321, CWE-319",5,2023,CWE-319;CWE-321;CWE-326,True,True,False,False,False,False,False,True,True,True,False
ICSA-23-005-03,2023-01-05,True,Hitachi Energy,Hitachi Energy Lumada Asset Performance Management,Critical,"CWE-120, CWE-787",3,2023,,False,False,False,False,False,False,False,False,False,False,False
ICSA-23-012-03,2023-01-12,True,InHand Networks,InHand Networks InRouter,Critical,"CWE-319, CWE-78, CWE-760, CWE-284, CWE-330",5,2023,CWE-319;CWE-330;CWE-760,True,False,False,False,False,True,False,True,True,True,False
ICSA-23-012-05,2023-01-12,True,SAUTER Controls,SAUTER Controls Nova 200 - 220 Series (PLC 6),Critical,"CWE-306, CWE-319",2,2023,CWE-319,False,False,False,False,False,False,False,True,True,False,False
ICSA-23-012-07,2023-01-12,True,Hitachi Energy,Hitachi Energy Lumada APM,Medium,CWE-284,1,2023,,False,False,False,False,False,False,False,False,False,False,False
ICSA-23-012-08,2023-01-12,True,Siemens,Siemens S7-1500 CPU devices,Medium,CWE-1326,1,2023,,False,False,False,False,False,False,False,False,False,False,False
ICSA-23-019-01,2023-01-19,True,Hitachi Energy,Hitachi Energy PCU400,High,CWE-1357,2,2023,,False,False,False,False,False,False,False,False,False,False,False
ICSA-23-024-01,2023-01-24,True,XINJE,XINJE XD,High,"CWE-23, CWE-427",2,2023,,False,False,False,False,False,False,False,False,False,False,False
ICSA-23-024-02,2023-01-24,True,Socomec,SOCOMEC MODULYS GP (UPDATE A),Medium,CWE-261,1,2023,CWE-261,False,False,True,False,False,False,False,False,True,True,False
ICSA-23-026-06,2023-01-26,True,Rockwell Automation,Rockwell Automation products using GoAhead Web Server,Critical,"CWE-835, CWE-416",2,2023,,False,False,False,False,False,False,False,False,False,False,False
ICSA-23-033-01,2023-02-02,True,Delta Electronics,Delta Electronics DIAScreen,High,"CWE-121, CWE-119, CWE-787",3,2023,,False,False,False,False,False,False,False,False,False,False,False
ICSA-23-047-09,2023-02-16,True,Siemens,Siemens SIMATIC Industrial Products,High,CWE-367,1,2023,,False,False,False,False,False,False,False,False,False,False,False
ICSA-23-059-01,2023-02-28,True,Hitachi Energy,Hitachi Energy Gateway Station,High,"CWE-476, CWE-835",2,2023,,False,False,False,False,False,False,False,False,False,False,False
ICSA-23-059-02,2023-02-28,True,Hitachi Energy,Hitachi Energy Gateway Station,High,"CWE-20, CWE-120",3,2023,,False,False,False,False,False,False,False,False,False,False,False
ICSA-23-061-03,2023-03-02,True,Rittal,Rittal CMC III Access systems,Medium,CWE-284,1,2023,,False,False,False,False,False,False,False,False,False,False,False
ICSA-23-068-02,2023-03-09,True,B&R Industrial Automation GmbH,B&R Systems Diagnostics Manager,Medium,CWE-79,1,2023,,False,False,False,False,False,False,False,False,False,False,False
ICSA-23-068-03,2023-03-09,True,ABB,ABB Ability Symphony Plus,High,CWE-287,1,2023,,False,False,False,False,False,False,False,False,False,False,False
ICSA-23-068-05,2023-02-28,True,Hitachi Energy,"Hitachi Energy Relion 670, 650 and SAM600-IO Series (Update B)",Medium,CWE-345,1,2023,CWE-345,False,False,False,False,True,False,False,False,True,True,False
ICSA-23-080-02,2023-03-21,True,Delta Electronics,Delta Electronics InfraSuite Device Master,Critical,"CWE-502, CWE-284, CWE-749, CWE-22, CWE-287, CWE-77, CWE-732, CWE-306",13,2023,,False,False,False,False,False,False,False,False,False,False,False
ICSA-23-080-04,2023-03-21,True,Siemens,Siemens RADIUS Client of SIPROTEC 5 Devices,High,CWE-835,1,2023,,False,False,False,False,False,False,False,False,False,False,False
ICSA-23-082-03,2023-03-23,True,SAUTER,SAUTER EY-modulo 5 Building Automation Stations,High,"CWE-79, CWE-319, CWE-434",5,2023,CWE-319,False,False,False,False,False,False,False,True,True,False,False
ICSA-23-082-04,2023-03-23,True,Schneider Electric,Schneider Electric IGSS,High,"CWE-306, CWE-345, CWE-502, CWE-22, CWE-20",8,2023,CWE-345,False,False,False,False,True,False,False,False,True,True,False
ICSA-23-082-05,2023-03-23,True,ABB,ABB Pulsar Plus Controller,Medium,"CWE-352, CWE-330",2,2023,CWE-330,False,False,False,False,False,True,False,False,True,True,False
ICSA-23-089-01,2023-02-14,True,Hitachi Energy,Hitachi Energy IEC 61850 MMS-Server (Update B),Medium,CWE-404,1,2023,,False,False,False,False,False,False,False,False,False,False,False
ICSA-23-096-05,2023-04-06,True,Hitachi Energy,Hitachi Energy MicroSCADA System Data Manager SDM600,Critical,"CWE-434, CWE-285, CWE-404, CWE-269",5,2023,,False,False,False,False,False,False,False,False,False,False,False
ICSA-23-096-06,2023-04-06,True,mySCADA Technologies,mySCADA myPRO,Critical,CWE-78,5,2023,,False,False,False,False,False,False,False,False,False,False,False
ICSA-23-103-01,2023-04-13,True,Siemens,Siemens Adaptec maxView Application,Medium,CWE-200,1,2023,,False,False,False,False,False,False,False,False,False,False,False
ICSA-23-103-03,2023-04-13,True,Siemens,Siemens in OPC Foundation Local Discovery Server,High,CWE-20,1,2023,,False,False,False,False,False,False,False,False,False,False,False
ICSA-23-103-10,2023-04-13,True,Siemens,Siemens Industrial Products,High,"CWE-416, CWE-833, CWE-770",3,2023,,False,False,False,False,False,False,False,False,False,False,False
ICSA-23-110-01,2023-04-20,True,INEA,INEA ME RTU,Critical,CWE-78,1,2023,,False,False,False,False,False,False,False,False,False,False,False
ICSA-23-115-02,2023-04-25,True,Scada-LTS,Scada-LTS Third Party Component,Medium,CWE-79,1,2023,,False,False,False,False,False,False,False,False,False,False,False
ICSA-23-129-02,2023-05-09,True,Hitachi Energy,Hitachi Energy MSM,Critical,"CWE-307, CWE-294, CWE-94, CWE-119, CWE-476, CWE-331",8,2023,CWE-331,False,False,False,False,False,True,False,False,True,True,False
ICSA-23-131-04,2023-05-11,True,Siemens,Siemens SIMATIC Cloud Connect 7,High,"CWE-77, CWE-259, CWE-22, CWE-544, CWE-200, CWE-552",7,2023,CWE-259,False,True,False,False,False,False,False,False,True,True,False
ICSA-23-131-08,2023-05-11,True,Teltonika,Teltonika Remote Management System and RUT Model Routers,Critical,"CWE-204, CWE-287, CWE-918, CWE-79, CWE-830, CWE-15, CWE-78",8,2023,,False,False,False,False,False,False,False,False,False,False,False
ICSA-23-131-09,2023-05-11,True,Rockwell Automation,Rockwell Automation Kinetix 5500,Critical,CWE-284,1,2023,,False,False,False,False,False,False,False,False,False,False,False
ICSA-23-131-14,2023-05-11,True,Rockwell Automation,Rockwell Automation PanelView 800,Critical,"CWE-787, CWE-125",2,2023,,False,False,False,False,False,False,False,False,False,False,False
ICSA-23-138-03,2023-05-18,True,Hitachi Energy,Hitachi Energy MicroSCADA Pro/X SYS600,Medium,CWE-863,1,2023,,False,False,False,False,False,False,False,False,False,False,False
ICSA-23-143-01,2023-05-23,True,Hitachi Energy,"Hitachi Energy's AFS65x, AFS67x, AFR67x and AFF66x Products",High,CWE-416,2,2023,,False,False,False,False,False,False,False,False,False,False,False
ICSA-23-143-02,2023-05-23,True,Hitachi Energy,Hitachi Energy’s RTU500 Series Product (UPDATE B),Critical,"CWE-843, CWE-208, CWE-125, CWE-835, CWE-120",6,2023,,False,False,False,False,False,False,False,False,False,False,False
ICSA-23-150-01,2023-05-30,True,Advantech,Advantech WebAccess/SCADA,High,CWE-351,1,2023,,False,False,False,False,False,False,False,False,False,False,False
ICSA-23-152-01,2023-06-01,True,Advantech,Advantech WebAccess-SCADA,High,"CWE-94, CWE-434",3,2023,,False,False,False,False,False,False,False,False,False,False,False
ICSA-23-164-02,2023-06-13,True,Rockwell Automation,Rockwell Automation FactoryTalk Services Platform,High,"CWE-321, CWE-287, CWE-346",3,2023,CWE-321,False,True,False,False,False,False,False,False,True,True,False
ICSA-23-166-02,2023-06-15,True,Advantech,Advantech WebAccessSCADA,Critical,CWE-822,1,2023,,False,False,False,False,False,False,False,False,False,False,False
ICSA-23-166-05,2023-06-15,True,Siemens,Siemens SIMATIC WinCC,Low,CWE-477,1,2023,,False,False,False,False,False,False,False,False,False,False,False
ICSA-23-166-07,2023-06-15,True,Siemens,Siemens SIMATIC WinCC V7,High,CWE-732,1,2023,,False,False,False,False,False,False,False,False,False,False,False
ICSA-23-166-08,2023-06-15,True,Siemens,Siemens SIMATIC STEP 7 and Derived Products,Critical,CWE-94,1,2023,,False,False,False,False,False,False,False,False,False,False,False
ICSA-23-166-10,2023-06-15,True,Siemens,Siemens SIMATIC S7-1500 TM MFP BIOS,Critical,"CWE-20, CWE-125, CWE-416, CWE-787, CWE-835, CWE-617, CWE-193, CWE-276, CWE-415, CWE-755, CWE-190, CWE-476, CWE-763, CWE-362, CWE-119, CWE-455, CWE-362, CWE-120, CWE-311, CWE-400",53,2023,CWE-311,False,False,False,False,False,False,False,True,True,False,False
ICSA-23-166-11,2023-06-15,True,Siemens,Siemens SIMATIC S7-1500 TM MFP Linux Kernel,Critical,"CWE-400, CWE-284, CWE-787, CWE-459, CWE-401, CWE-416, CWE-78, CWE-295, CWE-327, CWE-362, CWE-404, CWE-476, CWE-121, CWE-326, CWE-415, CWE-287, CWE-20, CWE-923, CWE-125, CWE-119, CWE-120, CWE-667, CWE-455, CWE-863, CWE-305, CWE-311, CWE-203, CWE-843, CWE-668, CWE-362, CWE-457, CWE-835, CWE-824, CWE-190",107,2023,CWE-295;CWE-311;CWE-326;CWE-327,True,False,False,False,True,False,False,True,True,True,False
ICSA-23-166-12,2023-06-15,True,Siemens,Siemens SINAMICS Medium Voltage Products,Critical,"CWE-787, CWE-125, CWE-416, CWE-287, CWE-78, CWE-295, CWE-404, CWE-770, CWE-276, CWE-1286, CWE-20",23,2023,CWE-295,False,False,False,False,True,False,False,False,True,True,False
ICSA-23-171-01,2023-06-20,True,Enphase,Enphase Envoy (Update A),Medium,CWE-78,1,2023,,False,False,False,False,False,False,False,False,False,False,False
ICSA-23-171-02,2023-06-20,True,Enphase,Enphase Installer Toolkit Android App (Update A),High,CWE-798,1,2023,CWE-798,False,True,False,False,False,False,False,False,True,True,False
ICSA-23-173-02,2023-06-22,True,Advantech,Advantech R-SeeNet,Critical,"CWE-798, CWE-73",2,2023,CWE-798,False,True,False,False,False,False,False,False,True,True,False
ICSA-23-178-01,2023-06-27,True,Hitachi Energy,Hitachi Energy FOXMAN-UN and UNEM Products,Medium,CWE-117,1,2023,,False,False,False,False,False,False,False,False,False,False,False
ICSA-23-180-01,2023-06-29,True,Delta Electronics,Delta Electronics InfraSuite Device Master,High,"CWE-284, CWE-502",3,2023,,False,False,False,False,False,False,False,False,False,False,False
ICSA-23-180-02,2023-06-29,True,Schneider Electric,Schneider Electric EcoStruxure,High,CWE-94,1,2023,,False,False,False,False,False,False,False,False,False,False,False
ICSA-23-180-03,2023-06-29,True,Ovarro,Ovarro TBox RTUs,High,"CWE-862, CWE-327, CWE-829, CWE-331, CWE-285, CWE-256",6,2023,CWE-256;CWE-327;CWE-331,True,False,True,False,False,True,False,False,True,True,False
ICSA-23-187-01,2023-07-06,True,Processinformation i Goteborg Aktiebolag (PiiGAB),PiiGAB M-Bus,Critical,"CWE-94, CWE-307, CWE-523, CWE-798, CWE-256, CWE-79, CWE-521, CWE-916, CWE-352",9,2023,CWE-256;CWE-523;CWE-798;CWE-916,True,True,True,False,False,False,False,True,True,True,False
ICSA-23-194-03,2023-07-13,True,Siemens,Siemens SIMATIC CN 4100,Critical,"CWE-284, CWE-276",2,2023,,False,False,False,False,False,False,False,False,False,False,False
ICSA-23-194-04,2023-07-13,True,Siemens,Siemens SIMATIC MV500 Devices,High,"CWE-200, CWE-401, CWE-74, CWE-326, CWE-415, CWE-459, CWE-203, CWE-667, CWE-416, CWE-20",13,2023,CWE-326,True,False,False,False,False,False,False,False,True,True,False
ICSA-23-194-06,2023-07-13,True,Honeywell,"Honeywell Experion PKS, LX and PlantCruise",Critical,"CWE-122, CWE-121, CWE-394, CWE-400, CWE-116, CWE-502, CWE-345, CWE-697",9,2023,CWE-345,False,False,False,False,True,False,False,False,True,True,False
ICSA-23-201-01,2023-07-20,True,Schneider Electric,"Schneider Electric EcoStruxure Products, Modicon PLCs, and Programmable Automation Controllers",High,CWE-754,1,2023,,False,False,False,False,False,False,False,False,False,False,False
ICSA-23-206-03,2023-07-25,True,Emerson,Emerson ROC800 Series RTU and DL8000 Preset Controller,Critical,CWE-305,1,2023,,False,False,False,False,False,False,False,False,False,False,False
ICSA-23-213-01,2023-08-01,True,APSystems,APSystems Altenergy Power Control,Critical,CWE-78,1,2023,,False,False,False,False,False,False,False,False,False,False,False
ICSA-23-220-01,2023-08-08,True,Schneider Electric,Schneider Electric IGSS,High,CWE-502,1,2023,,False,False,False,False,False,False,False,False,False,False,False
ICSA-23-220-02,2023-08-08,True,Hitachi Energy,Hitachi Energy RTU500 series,High,CWE-121,2,2023,,False,False,False,False,False,False,False,False,False,False,False
ICSA-23-222-07,2023-08-10,True,Siemens,Siemens Address Processing in SIMATIC,High,CWE-20,1,2023,,False,False,False,False,False,False,False,False,False,False,False
ICSA-23-222-09,2023-08-10,True,Siemens,Siemens OpenSSL RSA Decryption in SIMATIC,Medium,CWE-326,1,2023,CWE-326,True,False,False,False,False,False,False,False,True,True,False
ICSA-23-227-01,2023-08-15,True,Schneider Electric,"Schneider Electric EcoStruxure Control Expert and Modicon M340, Momentum, MC80, M580 and M580 CPU Safety (Update A)",High,CWE-294,1,2023,,False,False,False,False,False,False,False,False,False,False,False
ICSA-23-229-03,2023-08-17,True,Schneider Electric,Schnieder Electric PowerLogic ION7400 PM8000 ION9000 Power Meters,High,CWE-319,1,2023,CWE-319,False,False,False,False,False,False,False,True,True,False,False
ICSA-23-234-01,2023-08-22,True,Hitachi Energy,Hitachi Energy AFF66x,Critical,"CWE-79, CWE-330, CWE-346, CWE-190, CWE-400, CWE-476",6,2023,CWE-330,False,False,False,False,False,True,False,False,True,True,False
ICSA-23-255-01,2023-09-12,False,Hitachi Energy,Hitachi Energy Lumada APM Edge,High,"CWE-416, CWE-415, CWE-843, CWE-203",4,2023,,False,False,False,False,False,False,False,False,False,False,False
ICSA-23-257-01,2023-09-14,False,Siemens,"Siemens SIMATIC, SIPLUS Products",High,CWE-190,1,2023,,False,False,False,False,False,False,False,False,False,False,False
ICSA-23-257-04,2023-09-14,False,Siemens,Siemens RUGGEDCOM APE1808 Product,High,"CWE-200, CWE-124, CWE-120, CWE-367, CWE-125, CWE-119, CWE-787, CWE-20, CWE-401, CWE-358, CWE-256",23,2023,CWE-256,False,False,True,False,False,False,False,False,True,True,False
ICSA-23-257-05,2023-09-14,False,Siemens,Siemens SIMATIC IPCs,Medium,CWE-200,1,2023,,False,False,False,False,False,False,False,False,False,False,False
ICSA-23-257-06,2023-09-14,False,Siemens,Siemens WIBU Systems CodeMeter,Critical,CWE-122,1,2023,,False,False,False,False,False,False,False,False,False,False,False
ICSA-23-262-01,2023-09-19,False,Siemens,Siemens SIMATIC PCS neo Administration Console,Medium,CWE-538,1,2023,,False,False,False,False,False,False,False,False,False,False,False
ICSA-23-264-02,2023-09-21,False,Siemens,Siemens Spectrum Power 7,High,CWE-732,1,2023,,False,False,False,False,False,False,False,False,False,False,False
ICSA-23-264-03,2023-09-21,False,Delta Electronics,Delta Electronics DIAScreen,High,CWE-787,1,2023,,False,False,False,False,False,False,False,False,False,False,False
ICSA-23-269-02,2023-09-26,False,Hitachi Energy,Hitachi Energy Asset Suite 9,Medium,CWE-287,1,2023,,False,False,False,False,False,False,False,False,False,False,False
ICSA-23-271-01,2023-09-28,False,Rockwell Automation,Rockwell Automation PanelView 800,Critical,CWE-20,1,2023,,False,False,False,False,False,False,False,False,False,False,False
ICSA-23-278-01,2023-10-05,False,Hitachi Energy,"Hitachi Energy AFS65x, AFF66x, AFS67x, and AFR67x Series Products",Critical,"CWE-682, CWE-190, CWE-116, CWE-668",14,2023,,False,False,False,False,False,False,False,False,False,False,False
ICSA-23-285-01,2023-10-12,False,Siemens,Siemens SIMATIC CP products,High,"CWE-284, CWE-400",2,2023,,False,False,False,False,False,False,False,False,False,False,False
ICSA-23-285-15,2023-10-12,False,Advantech,Advantech WebAccess,Medium,CWE-200,1,2023,,False,False,False,False,False,False,False,False,False,False,False
ICSA-23-285-16,2023-10-12,False,Schneider Electric,Schneider Electric IGSS,High,CWE-306,1,2023,,False,False,False,False,False,False,False,False,False,False,False
ICSA-23-304-02,2023-10-31,False,INEA,INEA ME RTU,Critical,"CWE-78, CWE-287",2,2023,,False,False,False,False,False,False,False,False,False,False,False
ICSA-23-313-02,2023-11-09,False,Hitachi Energy,Hitachi Energy eSOMS,Medium,"CWE-209, CWE-497",3,2023,,False,False,False,False,False,False,False,False,False,False,False
ICSA-23-320-02,2023-11-16,False,Hitachi Energy,Hitachi Energy MACH System Software,Medium,"CWE-29, CWE-266",2,2023,,False,False,False,False,False,False,False,False,False,False,False
ICSA-23-320-06,2023-11-16,False,Siemens,Siemens SIMATIC PCS neo,High,"CWE-306, CWE-89, CWE-942, CWE-79",4,2023,,False,False,False,False,False,False,False,False,False,False,False
ICSA-23-320-13,2023-11-16,False,Siemens,Siemens SIMATIC MV500,Critical,"CWE-120, CWE-476, CWE-287, CWE-1333, CWE-834, CWE-787",8,2023,,False,False,False,False,False,False,False,False,False,False,False
ICSA-23-325-01,2023-11-21,False,WAGO,WAGO PFC200 Series,Low,CWE-610,1,2023,,False,False,False,False,False,False,False,False,False,False,False
ICSA-23-331-02,2023-11-28,False,Franklin Electric Fueling Systems,Franklin Electric Fueling Systems Colibri,Medium,CWE-35,1,2023,,False,False,False,False,False,False,False,False,False,False,False
ICSA-23-334-01,2023-11-30,False,Delta Electronics,Delta Electronics DOPSoft,High,CWE-121,1,2023,,False,False,False,False,False,False,False,False,False,False,False
ICSA-23-341-02,2023-12-07,False,Schweitzer Engineering Laboratories,Schweitzer Engineering Laboratories SEL-411L,Medium,CWE-1021,1,2023,,False,False,False,False,False,False,False,False,False,False,False
ICSA-23-341-06,2023-12-07,False,Sierra Wireless,Sierra Wireless AirLink with ALEOS firmware,High,"CWE-835, CWE-476, CWE-79, CWE-617, CWE-798, CWE-321",7,2023,CWE-321;CWE-798,False,True,False,False,False,False,False,False,True,True,False
ICSA-23-348-03,2023-12-14,False,Siemens,Siemens User Management Component (UMC),High,"CWE-942, CWE-79, CWE-120, CWE-20",5,2023,,False,False,False,False,False,False,False,False,False,False,False
ICSA-23-348-05,2023-12-14,False,Siemens,Siemens SIMATIC and SIPLUS Products,High,"CWE-674, CWE-805",2,2023,,False,False,False,False,False,False,False,False,False,False,False
ICSA-23-348-07,2023-12-14,False,Siemens,Siemens SIMATIC STEP 7 (TIA Portal),Medium,CWE-316,1,2023,,False,False,False,False,False,False,False,False,False,False,False
ICSA-23-348-08,2023-12-14,False,Siemens,Siemens Web Server of Industrial Products,High,CWE-401,1,2023,,False,False,False,False,False,False,False,False,False,False,False
ICSA-23-348-09,2023-12-14,False,Siemens,Siemens Simantic S7-1500 CPU family,High,CWE-416,1,2023,,False,False,False,False,False,False,False,False,False,False,False
ICSA-23-348-10,2023-12-14,False,Siemens,Siemens SIMATIC S7-1500 CPU 1518(F)-4 PN/DP MFP V3.1,Critical,"CWE-611, CWE-367, CWE-77, CWE-77, CWE-311, CWE-79, CWE-119, CWE-416, CWE-611, CWE-20, CWE-20, CWE-787, CWE-611, CWE-119, CWE-119, CWE-119, CWE-125, CWE-125, CWE-119, CWE-835, CWE-74, CWE-770, CWE-203, CWE-209, CWE-476, CWE-835, CWE-190, CWE-20, CWE-835, CWE-611, CWE-787, CWE-787, CWE-787, CWE-787, CWE-125, CWE-125, CWE-125, CWE-125, CWE-125, CWE-787, CWE-416, CWE-787, CWE-787, CWE-190, CWE-787, CWE-427, CWE-415, CWE-787, CWE-116, CWE-838, CWE-22, CWE-404, CWE-311, CWE-125, CWE-125, CWE-311, CWE-400, CWE-93, CWE-476, CWE-125, CWE-476, CWE-93, CWE-22, CWE-172, CWE-787, CWE-20, CWE-787, CWE-668, CWE-311, CWE-311, CWE-203, CWE-331, CWE-125, CWE-311, CWE-369, CWE-190, CWE-190, CWE-787, CWE-125, CWE-125, CWE-787, CWE-273, CWE-74, CWE-665, CWE-476, CWE-20, CWE-681, CWE-20, CWE-674, CWE-754, CWE-476, CWE-787, CWE-476, CWE-755, CWE-434, CWE-476, CWE-772, CWE-311, CWE-755, CWE-125, CWE-401, CWE-416, CWE-835, CWE-125, CWE-119, CWE-311, CWE-200, CWE-330, CWE-125, CWE-416, CWE-787, CWE-416, CWE-195, CWE-835, CWE-200, CWE-74, CWE-416, CWE-200, CWE-674, CWE-295, CWE-427, CWE-400, CWE-476, CWE-787, CWE-787, CWE-787, CWE-704, CWE-190, CWE-330, CWE-665, CWE-416, CWE-20, CWE-674, CWE-120, CWE-190, CWE-190, CWE-476, CWE-290, CWE-416, CWE-20, CWE-476, CWE-269, CWE-327, CWE-416, CWE-203, CWE-682, CWE-787, CWE-427, CWE-78, CWE-426, CWE-787, CWE-787, CWE-787, CWE-787, CWE-787, CWE-787, CWE-190, CWE-787, CWE-416, CWE-787, CWE-787, CWE-125, CWE-476, CWE-617, CWE-617, CWE-74, CWE-835, CWE-674, CWE-190, CWE-125, CWE-787, CWE-617, CWE-787, CWE-476, CWE-119, CWE-191, CWE-617, CWE-125, CWE-763, CWE-415, CWE-311, CWE-835, CWE-191, CWE-843, CWE-617, CWE-120, CWE-617, CWE-22, CWE-416, CWE-787, CWE-416, CWE-190, CWE-476, CWE-776, CWE-20, CWE-400, CWE-400, CWE-119, CWE-674, CWE-125, CWE-193, CWE-345, CWE-252, CWE-476, CWE-125, CWE-416, CWE-416, CWE-416, CWE-787, CWE-200, CWE-290, CWE-668, CWE-909, CWE-416, CWE-354, CWE-522, CWE-706, CWE-908, CWE-295, CWE-415, CWE-319, CWE-345, CWE-20, CWE-617, CWE-681, CWE-681, CWE-415, CWE-415, CWE-59, CWE-295, CWE-601, CWE-125, CWE-787, CWE-835, CWE-203, CWE-416, CWE-770, CWE-190, CWE-416, CWE-416, CWE-416, CWE-125, CWE-476, CWE-311, CWE-190, CWE-476, CWE-476, CWE-311, CWE-311, CWE-190, CWE-400, CWE-190, CWE-674, CWE-770, CWE-193, CWE-74, CWE-209, CWE-835, CWE-20, CWE-78, CWE-787, CWE-295, CWE-327, CWE-404, CWE-78, CWE-326, CWE-787, CWE-415, CWE-787, CWE-193, CWE-326, CWE-415, CWE-287, CWE-190, CWE-190, CWE-190, CWE-190, CWE-190, CWE-190, CWE-120, CWE-120, CWE-416, CWE-190, CWE-190, CWE-89, CWE-116, CWE-668, CWE-400, CWE-190, CWE-190, CWE-426, CWE-522, CWE-311, CWE-522, CWE-706, CWE-311, CWE-918, CWE-400, CWE-295, CWE-674, CWE-287, CWE-89, CWE-190, CWE-319, CWE-770, CWE-770, CWE-276, CWE-787, CWE-440, CWE-1286, CWE-121, CWE-129, CWE-787, CWE-190, CWE-190, CWE-415, CWE-416, CWE-190, CWE-415, CWE-319, CWE-319, CWE-416, CWE-416, CWE-407, CWE-400, CWE-311, CWE-125, CWE-787, CWE-416, CWE-416, CWE-20, CWE-203, CWE-295, CWE-295, CWE-295, CWE-120, CWE-843, CWE-400, CWE-770, CWE-476, CWE-476, CWE-1333, CWE-416, CWE-787, CWE-476, CWE-834, CWE-122, CWE-693, CWE-125, CWE-416, CWE-416, CWE-20, CWE-416, CWE-121, CWE-416, CWE-401, CWE-754, CWE-787, CWE-203, CWE-319, CWE-319, CWE-770, CWE-20, CWE-415, CWE-787, CWE-311, CWE-20, CWE-74, CWE-22, CWE-287, CWE-287, CWE-415, CWE-20, CWE-476, CWE-311, CWE-74, CWE-415, CWE-787, CWE-400, CWE-369, CWE-400, CWE-400, CWE-122, CWE-502, CWE-787, CWE-311, CWE-787, CWE-400, CWE-20, CWE-122, CWE-311, CWE-787, CWE-125, CWE-125, CWE-125, CWE-125, CWE-119, CWE-416, CWE-476, CWE-125, CWE-400, CWE-416, CWE-190, CWE-120",407,2023,CWE-295;CWE-311;CWE-319;CWE-326;CWE-327;CWE-330;CWE-331;CWE-345;CWE-354;CWE-522,True,False,True,False,True,True,False,True,True,True,False
ICSA-23-353-02,2023-12-19,False,EFACEC,EFACEC BCU 500,Critical,"CWE-400, CWE-352",2,2023,,False,False,False,False,False,False,False,False,False,False,False
ICSA-23-353-03,2023-12-19,False,EFACEC,EFACEC UC 500E,Medium,"CWE-319, CWE-601, CWE-200, CWE-284",4,2023,CWE-319,False,False,False,False,False,False,False,True,True,False,False
ICSA-24-011-03,2024-01-11,True,Rapid Software LLC,Rapid Software LLC Rapid SCADA,Critical,"CWE-22, CWE-23, CWE-732, CWE-601, CWE-798, CWE-256, CWE-209",7,2024,CWE-256;CWE-798,False,True,True,False,False,False,False,False,True,True,False
ICSA-24-011-05,2024-01-11,True,Schneider Electric,Schneider Electric Easergy Studio,High,CWE-502,1,2024,,False,False,False,False,False,False,False,False,False,False,False
ICSA-24-011-09,2024-01-11,True,Siemens,Siemens SIMATIC CN 4100,Critical,"CWE-639, CWE-20, CWE-1392",3,2024,,False,False,False,False,False,False,False,False,False,False,False
ICSA-24-011-10,2024-01-11,True,Siemens,Siemens SIMATIC,Critical,CWE-20,1,2024,,False,False,False,False,False,False,False,False,False,False,False
ICSA-24-023-01,2024-01-23,True,APsystems,APsystems Energy Communication Unit (ECU-C) Power Control Software,High,CWE-284,1,2024,,False,False,False,False,False,False,False,False,False,False,False
ICSA-24-023-05,2024-01-23,True,Lantronix,Lantronix XPort,Medium,CWE-261,1,2024,CWE-261,False,False,True,False,False,False,False,False,True,True,False
ICSA-24-030-01,2024-01-30,True,Emerson,"Emerson Rosemount GC370XA, GC700XA, GC1500XA",Critical,"CWE-77, CWE-287, CWE-285",4,2024,,False,False,False,False,False,False,False,False,False,False,False
ICSA-24-030-05,2024-01-30,True,Rockwell Automation,Rockwell Automation ControlLogix and GuardLogix,High,CWE-119,1,2024,,False,False,False,False,False,False,False,False,False,False,False
ICSA-24-046-03,2024-02-15,True,Siemens,Siemens SIMATIC RTLS Gateways,High,CWE-130,1,2024,,False,False,False,False,False,False,False,False,False,False,False
ICSA-24-046-04,2024-02-15,True,Siemens,Siemens CP343-1 Devices,High,CWE-940,1,2024,,False,False,False,False,False,False,False,False,False,False,False
ICSA-24-046-12,2024-02-15,True,Siemens,"Siemens SIMATIC WinCC, OpenPCS",High,CWE-476,2,2024,,False,False,False,False,False,False,False,False,False,False,False
ICSA-24-072-01,2024-03-12,True,Schneider Electric,Schneider Electric EcoStruxure Power Design,High,CWE-502,1,2024,,False,False,False,False,False,False,False,False,False,False,False
ICSA-24-074-02,2024-03-14,True,Siemens,Siemens Solid Edge,High,CWE-125,1,2024,,False,False,False,False,False,False,False,False,False,False,False
ICSA-24-074-03,2024-03-14,True,Siemens,Siemens SINEMA Remote Connect Server,Critical,"CWE-79, CWE-284",2,2024,,False,False,False,False,False,False,False,False,False,False,False
ICSA-24-074-04,2024-03-14,True,Siemens,Siemens SINEMA Remote Connect Client,High,CWE-538,1,2024,,False,False,False,False,False,False,False,False,False,False,False
ICSA-24-074-06,2024-03-14,True,Siemens,Siemens SENTRON,High,CWE-912,1,2024,,False,False,False,False,False,False,False,False,False,False,False
ICSA-24-074-07,2024-03-14,True,Siemens,Siemens SIMATIC,Critical,"CWE-119, CWE-20, CWE-311, CWE-732, CWE-440, CWE-287, CWE-787, CWE-416, CWE-326, CWE-330, CWE-863, CWE-667, CWE-1021, CWE-269, CWE-862, CWE-312, CWE-754, CWE-295, CWE-415, CWE-190, CWE-125, CWE-665, CWE-362, CWE-908, CWE-755, CWE-909, CWE-668, CWE-610, CWE-74, CWE-834, CWE-281, CWE-116, CWE-681, CWE-502, CWE-120, CWE-1188, CWE-835, CWE-191",157,2024,CWE-295;CWE-311;CWE-312;CWE-326;CWE-330,True,False,False,False,True,True,False,True,True,True,False
ICSA-24-074-08,2024-03-14,True,Siemens,Siemens SCALANCE XB-200/XC-200/XP-200/XF-200BA/XR-300WG Family,Medium,"CWE-321, CWE-400",2,2024,CWE-321,False,True,False,False,False,False,False,False,True,True,False
ICSA-24-074-10,2024-03-14,True,Siemens,Siemens Siveillance Control,Medium,CWE-863,1,2024,,False,False,False,False,False,False,False,False,False,False,False
ICSA-24-074-11,2024-03-14,True,Siemens,Siemens RUGGEDCOM APE1808 with Fortigate NGFW Devices,Critical,"CWE-295, CWE-319, CWE-22, CWE-200, CWE-79, CWE-183, CWE-23, CWE-307, CWE-134, CWE-824, CWE-787, CWE-601, CWE-20, CWE-532, CWE-122, CWE-613, CWE-354, CWE-295, CWE-20, CWE-476, CWE-134, CWE-284, CWE-835, CWE-476, CWE-121, CWE-124, CWE-80, CWE-598, CWE-436, CWE-416, CWE-285",38,2024,CWE-295;CWE-319;CWE-354,False,False,False,False,True,False,False,True,True,True,False
ICSA-24-081-01,2024-03-21,True,Advantech,Advantech WebAccess/SCADA,High,CWE-89,1,2024,,False,False,False,False,False,False,False,False,False,False,False
ICSA-24-086-01,2024-03-26,True,AutomationDirect,Automation-Direct C-MORE EA9 HMI,High,"CWE-22, CWE-121, CWE-256",3,2024,CWE-256,False,False,True,False,False,False,False,False,True,True,False
ICSA-24-095-01,2024-04-04,True,Hitachi Energy,Hitachi Energy Asset Suite 9,Medium,CWE-287,1,2024,,False,False,False,False,False,False,False,False,False,False,False
ICSA-24-095-02,2024-04-04,True,Schweitzer Engineering Laboratories,Schweitzer Engineering Laboratories SEL,Medium,CWE-1242,1,2024,,False,False,False,False,False,False,False,False,False,False,False
ICSA-24-100-01,2024-04-09,True,SUBNET Solutions Inc.,SUBNET PowerSYSTEM Server and Substation Server,High,CWE-1357,1,2024,,False,False,False,False,False,False,False,False,False,False,False
ICSA-24-102-01,2024-04-11,True,Siemens,Siemens SIMATIC S7-1500,High,"CWE-754, CWE-20, CWE-416, CWE-787",7,2024,,False,False,False,False,False,False,False,False,False,False,False
ICSA-24-102-02,2024-04-11,True,Siemens,Siemens SIMATIC WinCC,Medium,CWE-120,1,2024,,False,False,False,False,False,False,False,False,False,False,False
ICSA-24-102-06,2024-04-11,True,Siemens,Siemens Parasolid,High,"CWE-125, CWE-770, CWE-476",3,2024,,False,False,False,False,False,False,False,False,False,False,False
ICSA-24-102-08,2024-04-11,True,Siemens,Siemens Telecontrol Server Basic,High,"CWE-326, CWE-415, CWE-190, CWE-73, CWE-22, CWE-20, CWE-311, CWE-416, CWE-295, CWE-1333, CWE-754, CWE-476, CWE-119",47,2024,CWE-295;CWE-311;CWE-326,True,False,False,False,True,False,False,True,True,True,False
ICSA-24-107-01,2024-04-16,True,Measuresoft,Measuresoft ScadaPro,Medium,CWE-284,1,2024,,False,False,False,False,False,False,False,False,False,False,False
ICSA-24-107-03,2024-04-16,True,Rockwell Automation,Rockwell Automation ControlLogix and GuardLogix (Update A),Critical,CWE-20,1,2024,,False,False,False,False,False,False,False,False,False,False,False
ICSA-24-116-01,2024-04-25,True,Hitachi Energy,Multiple Vulnerabilities in Hitachi Energy RTU500 Series,High,CWE-434,2,2024,,False,False,False,False,False,False,False,False,False,False,False
ICSA-24-116-02,2024-04-25,True,Hitachi Energy,Hitachi Energy MACH SCM (Update A),High,"CWE-94, CWE-95",2,2024,,False,False,False,False,False,False,False,False,False,False,False
ICSA-24-116-04,2024-04-25,True,Honeywell,"Honeywell Experion PKS, Experion LX, PlantCruise by Experion, Safety Manager, Safety Manager SC",Critical,"CWE-749, CWE-36, CWE-121, CWE-1295, CWE-787, CWE-122, CWE-1327, CWE-20, CWE-805, CWE-119, CWE-130",11,2024,,False,False,False,False,False,False,False,False,False,False,False
ICSA-24-121-01,2024-04-30,True,Delta Electronics,Delta Electronics CNCSoft-G2 DOPSoft (Update A),High,CWE-121,2,2024,,False,False,False,False,False,False,False,False,False,False,False
ICSA-24-123-02,2024-05-02,True,Delta Electronics,Delta Electronics DIAEnergie,Critical,"CWE-89, CWE-22",3,2024,,False,False,False,False,False,False,False,False,False,False,False
ICSA-24-128-02,2024-05-07,True,SUBNET Solutions Inc.,SUBNET Substation Server,High,CWE-1357,1,2024,,False,False,False,False,False,False,False,False,False,False,False
ICSA-24-135-01,2024-05-14,True,Rockwell Automation,Rockwell Automation FactoryTalk Remote Access,High,CWE-428,1,2024,,False,False,False,False,False,False,False,False,False,False,False
ICSA-24-135-02,2024-05-14,True,SUBNET Solutions Inc.,SUBNET PowerSYSTEM Center and Substation Server,High,CWE-1357,1,2024,,False,False,False,False,False,False,False,False,False,False,False
ICSA-24-137-01,2024-05-16,True,Siemens,Siemens Parasolid,High,"CWE-125, CWE-476",3,2024,,False,False,False,False,False,False,False,False,False,False,False
ICSA-24-137-06,2024-05-16,True,Siemens,Siemens SIMATIC CN 4100 Before V3.0,Critical,"CWE-798, CWE-259, CWE-1326",3,2024,CWE-259;CWE-798,False,True,False,False,False,False,False,False,True,True,False
ICSA-24-137-07,2024-05-16,True,Siemens,Siemens SIMATIC RTLS Locating Manager,Critical,"CWE-20, CWE-754, CWE-400, CWE-834, CWE-770, CWE-122, CWE-73, CWE-311, CWE-494, CWE-321, CWE-732, CWE-319, CWE-345, CWE-770, CWE-522, CWE-912",21,2024,CWE-311;CWE-319;CWE-321;CWE-345;CWE-522,False,True,True,False,True,False,False,True,True,True,False
ICSA-24-137-10,2024-05-16,True,Siemens,Siemens RUGGEDCOM CROSSBOW,Critical,"CWE-862, CWE-89, CWE-306, CWE-73, CWE-22, CWE-200",9,2024,,False,False,False,False,False,False,False,False,False,False,False
ICSA-24-137-13,2024-05-16,True,Siemens,Siemens Industrial Products,High,CWE-125,1,2024,,False,False,False,False,False,False,False,False,False,False,False
ICSA-24-137-14,2024-05-16,True,Rockwell Automation,Rockwell Automation FactoryTalk View SE,High,CWE-20,1,2024,,False,False,False,False,False,False,False,False,False,False,False
ICSA-24-149-01,2024-05-28,True,Campbell Scientific,Campbell Scientific CSI Web Server,Medium,"CWE-22, CWE-261",2,2024,CWE-261,False,False,True,False,False,False,False,False,True,True,False
ICSA-24-151-02,2024-05-30,True,Fuji Electric,Fuji Electric Monitouch V-SFT (Update A),High,"CWE-787, CWE-121, CWE-843",3,2024,,False,False,False,False,False,False,False,False,False,False,False
ICSA-24-151-04,2024-05-30,True,Westermo,Westermo EDW-100,Critical,"CWE-259, CWE-522",2,2024,CWE-259;CWE-522,False,True,True,False,False,False,False,False,True,True,False
ICSA-24-158-01,2024-06-06,True,Emerson,Emerson PACSystem and Fanuc,Medium,"CWE-319, CWE-345, CWE-522, CWE-494",4,2024,CWE-319;CWE-345;CWE-522,False,False,True,False,True,False,False,True,True,True,False
ICSA-24-158-02,2024-06-06,True,Emerson,Emerson Ovation,Critical,"CWE-306, CWE-345",2,2024,CWE-345,False,False,False,False,True,False,False,False,True,True,False
ICSA-24-158-04,2024-06-06,True,Johnson Controls Inc.,Johnson Controls Software House iStar Pro Door Controller (Update A),High,CWE-306,1,2024,,False,False,False,False,False,False,False,False,False,False,False
ICSA-24-163-01,2024-06-11,True,Rockwell Automation,"Rockwell Automation ControlLogix, GuardLogix, and CompactLogix",High,CWE-670,1,2024,,False,False,False,False,False,False,False,False,False,False,False
ICSA-24-165-01,2024-06-13,True,Siemens,Siemens Mendix Applications,High,CWE-269,1,2024,,False,False,False,False,False,False,False,False,False,False,False
ICSA-24-165-02,2024-06-13,True,Siemens,Siemens SIMATIC S7-200 SMART Devices,High,CWE-330,1,2024,CWE-330,False,False,False,False,False,True,False,False,True,True,False
ICSA-24-165-04,2024-06-13,True,Siemens,Siemens ST7 ScadaConnect,High,"CWE-190, CWE-415, CWE-295, CWE-1333, CWE-754, CWE-20, CWE-476, CWE-311, CWE-119, CWE-400",37,2024,CWE-295;CWE-311,False,False,False,False,True,False,False,True,True,True,False
ICSA-24-165-06,2024-06-13,True,Siemens,Siemens TIM 1531 IRC,Medium,"CWE-20, CWE-787, CWE-326, CWE-415, CWE-311, CWE-681, CWE-190, CWE-416, CWE-667, CWE-295, CWE-125, CWE-835",32,2024,CWE-295;CWE-311;CWE-326,True,False,False,False,True,False,False,True,True,True,False
ICSA-24-165-08,2024-06-13,True,Siemens,Siemens Teamcenter Visualization and JT2Go,High,"CWE-125, CWE-770, CWE-476",3,2024,,False,False,False,False,False,False,False,False,False,False,False
ICSA-24-165-09,2024-06-13,True,Siemens,Siemens SICAM AK3/BC/TM,High,CWE-170,1,2024,,False,False,False,False,False,False,False,False,False,False,False
ICSA-24-165-10,2024-06-13,True,Siemens,Siemens SIMATIC and SIPLUS,Critical,"CWE-326, CWE-119, CWE-362, CWE-74, CWE-415, CWE-190, CWE-667, CWE-476, CWE-416, CWE-20, CWE-295, CWE-401, CWE-125, CWE-835",23,2024,CWE-295;CWE-326,True,False,False,False,True,False,False,False,True,True,False
ICSA-24-165-11,2024-06-13,True,Siemens,"Siemens SCALANCE XM-400, XR-500",High,"CWE-326, CWE-415, CWE-416, CWE-20, CWE-295",8,2024,CWE-295;CWE-326,True,False,False,False,True,False,False,False,True,True,False
ICSA-24-165-12,2024-06-13,True,Siemens,Siemens SCALANCE W700,Critical,"CWE-664, CWE-349, CWE-321, CWE-328, CWE-74, CWE-567, CWE-78",7,2024,CWE-321;CWE-328,True,True,False,False,False,False,False,False,True,True,False
ICSA-24-165-13,2024-06-13,True,Siemens,Siemens SINEC Traffic Analyzer,High,"CWE-787, CWE-613, CWE-352, CWE-522, CWE-749, CWE-319, CWE-614, CWE-20",8,2024,CWE-319;CWE-522;CWE-614,False,False,True,False,False,False,False,True,True,True,False
ICSA-24-172-01,2024-06-20,True,Yokogawa,Yokogawa CENTUM,High,CWE-284,1,2024,,False,False,False,False,False,False,False,False,False,False,False
ICSA-24-177-01,2024-06-05,True,ABB,ABB 800xA Base (Update A),Medium,CWE-1284,1,2024,,False,False,False,False,False,False,False,False,False,False,False
ICSA-24-179-02,2024-06-27,True,SDG Technologies,SDG Technologies PnPSCADA,Critical,CWE-862,1,2024,,False,False,False,False,False,False,False,False,False,False,False
ICSA-24-179-03,2024-06-27,True,Yokogawa,Yokogawa FAST/TOOLS and CI Server,Medium,"CWE-79, CWE-258",2,2024,,False,False,False,False,False,False,False,False,False,False,False
ICSA-24-179-04,2024-06-27,True,Johnson Controls Inc.,Johnson Controls Illustra Essentials Gen 4 (Update A),Critical,CWE-20,1,2024,,False,False,False,False,False,False,False,False,False,False,False
ICSA-24-179-05,2024-06-27,True,Johnson Controls Inc.,Johnson Controls Illustra Essentials Gen 4 (Update A),Medium,CWE-257,1,2024,CWE-257,False,False,True,False,False,False,False,False,True,True,False
ICSA-24-179-06,2024-06-27,True,Johnson Controls Inc.,Johnson Controls Illustra Essentials Gen 4 (Update A),Medium,CWE-532,1,2024,,False,False,False,False,False,False,False,False,False,False,False
ICSA-24-179-07,2024-06-27,True,Johnson Controls Inc.,Johnson Controls Illustra Essentials Gen 4 (Update A),Medium,CWE-257,1,2024,CWE-257,False,False,True,False,False,False,False,False,True,True,False
ICSA-24-191-01,2024-07-09,True,Delta Electronics,Delta Electronics CNCSoft-G2 (Update A),High,"CWE-121, CWE-787, CWE-125, CWE-122",6,2024,,False,False,False,False,False,False,False,False,False,False,False
ICSA-24-191-04,2024-07-09,True,Johnson Controls Inc.,Johnson Controls Software House C-CURE 9000,High,CWE-1391,1,2024,,False,False,False,False,False,False,False,False,False,False,False
ICSA-24-191-05,2024-07-09,True,Johnson Controls Inc.,Johnson Controls Inc. Software House C-CURE 9000 (Update B),High,CWE-276,1,2024,,False,False,False,False,False,False,False,False,False,False,False
ICSA-24-193-01,2024-07-11,True,Siemens,Siemens Remote Connect Server,Critical,"CWE-286, CWE-434, CWE-267, CWE-425, CWE-754, CWE-602, CWE-863, CWE-378, CWE-307, CWE-732, CWE-770",13,2024,,False,False,False,False,False,False,False,False,False,False,False
ICSA-24-193-02,2024-07-11,True,Siemens,Siemens RUGGEDCOM APE 1808,High,"CWE-121, CWE-916, CWE-79",4,2024,CWE-916,True,False,False,False,False,False,False,False,True,True,False
ICSA-24-193-06,2024-07-11,True,Siemens,Siemens RUGGEDCOM,High,"CWE-200, CWE-266, CWE-497",4,2024,,False,False,False,False,False,False,False,False,False,False,False
ICSA-24-193-07,2024-07-11,True,Siemens,Siemens SIMATIC and SIMIT,Medium,CWE-1325,1,2024,,False,False,False,False,False,False,False,False,False,False,False
ICSA-24-193-12,2024-07-11,True,Siemens,Siemens TIA Portal and SIMATIC STEP 7,High,CWE-502,1,2024,,False,False,False,False,False,False,False,False,False,False,False
ICSA-24-193-13,2024-07-11,True,Siemens,"Siemens TIA Portal, SIMATIC, and SIRIUS",High,CWE-502,1,2024,,False,False,False,False,False,False,False,False,False,False,False
ICSA-24-193-14,2024-07-11,True,Siemens,Siemens SIPROTEC,Medium,CWE-326,1,2024,CWE-326,True,False,False,False,False,False,False,False,True,True,False
ICSA-24-193-15,2024-07-11,True,Siemens,Siemens SINEMA Remote Connect Server,High,CWE-77,3,2024,,False,False,False,False,False,False,False,False,False,False,False
ICSA-24-193-16,2024-07-11,True,Siemens,Siemens SIMATIC WinCC,High,CWE-359,1,2024,,False,False,False,False,False,False,False,False,False,False,False
ICSA-24-193-17,2024-07-11,True,Siemens,Siemens SIMATIC STEP 7 (TIA Portal),High,CWE-502,1,2024,,False,False,False,False,False,False,False,False,False,False,False
ICSA-24-200-02,2024-07-18,True,SUBNET Solutions Inc.,Subnet Solutions PowerSYSTEM Center,Medium,CWE-1321,1,2024,,False,False,False,False,False,False,False,False,False,False,False
ICSA-24-205-02,2024-07-23,True,Hitachi Energy,Hitachi Energy AFS/AFR Series Products,High,"CWE-843, CWE-416, CWE-415, CWE-203",4,2024,,False,False,False,False,False,False,False,False,False,False,False
ICSA-24-214-01,2024-08-01,True,Johnson Controls Inc.,Johnson Controls exacqVision Client and exacqVision Server,Critical,CWE-326,1,2024,CWE-326,True,False,False,False,False,False,False,False,True,True,False
ICSA-24-214-02,2024-08-01,True,Johnson Controls Inc.,Johnson Controls exacqVision Server Web Service,High,CWE-942,1,2024,,False,False,False,False,False,False,False,False,False,False,False
ICSA-24-214-03,2024-08-01,True,Johnson Controls Inc.,Johnson Controls exacqVision Web Service,Medium,CWE-352,1,2024,,False,False,False,False,False,False,False,False,False,False,False
ICSA-24-214-04,2024-08-01,True,Johnson Controls Inc.,Johnson Controls exacqVision Web Service,Medium,CWE-319,1,2024,CWE-319,False,False,False,False,False,False,False,True,True,False,False
ICSA-24-214-05,2024-08-01,True,Johnson Controls Inc.,Johnson Controls exacqVision Web Service,Medium,CWE-295,1,2024,CWE-295,False,False,False,False,True,False,False,False,True,True,False
ICSA-24-214-06,2024-08-01,True,Johnson Controls Inc.,Johnson Controls exacqVision Web Service,Medium,CWE-598,1,2024,,False,False,False,False,False,False,False,False,False,False,False
ICSA-24-214-09,2024-08-01,True,Rockwell Automation,Rockwell Automation Logix Controllers,High,CWE-420,1,2024,,False,False,False,False,False,False,False,False,False,False,False
ICSA-24-219-01,2024-08-06,True,Delta Electronics,Delta Electronics DIAScreen,High,CWE-121,1,2024,,False,False,False,False,False,False,False,False,False,False,False
ICSA-24-226-03,2024-08-13,True,Rockwell Automation,Rockwell Automation GuardLogix/ControlLogix 5580 Controller,High,CWE-754,1,2024,,False,False,False,False,False,False,False,False,False,False,False
ICSA-24-226-06,2024-08-13,True,Rockwell Automation,Rockwell Automation FactoryTalk View Site Edition (Update A),High,CWE-732,1,2024,,False,False,False,False,False,False,False,False,False,False,False
ICSA-24-226-08,2024-08-13,True,Ocean Data Systems,Ocean Data Systems Dream Report,High,"CWE-22, CWE-732",2,2024,,False,False,False,False,False,False,False,False,False,False,False
ICSA-24-226-09,2024-08-13,True,Rockwell Automation,"Rockwell Automation ControlLogix, GuardLogix 5580, CompactLogix, Compact GuardLogix 5380",High,CWE-20,1,2024,,False,False,False,False,False,False,False,False,False,False,False
ICSA-24-226-10,2024-08-13,True,Rockwell Automation,"Rockwell Automation ControlLogix, GuardLogix 5580, CompactLogix, and Compact GuardLogix 5380",High,CWE-20,1,2024,,False,False,False,False,False,False,False,False,False,False,False
ICSA-24-228-01,2024-08-15,True,Siemens,"Siemens SCALANCE M-800, RUGGEDCOM RM1224",High,"CWE-400, CWE-20, CWE-488, CWE-532",4,2024,,False,False,False,False,False,False,False,False,False,False,False
ICSA-24-228-02,2024-08-15,True,Siemens,Siemens INTRALOG WMS,High,"CWE-319, CWE-122",2,2024,CWE-319,False,False,False,False,False,False,False,True,True,False,False
ICSA-24-228-03,2024-08-15,True,Siemens,Siemens Teamcenter Visualization and JT2Go,High,"CWE-125, CWE-476",3,2024,,False,False,False,False,False,False,False,False,False,False,False
ICSA-24-228-04,2024-08-15,True,Siemens,Siemens SINEC Traffic Analyzer,High,"CWE-269, CWE-307, CWE-284, CWE-524, CWE-358",5,2024,,False,False,False,False,False,False,False,False,False,False,False
ICSA-24-242-02,2024-08-29,True,Delta Electronics,Delta Electronics DTN Soft,High,CWE-502,1,2024,,False,False,False,False,False,False,False,False,False,False,False
ICSA-24-256-01,2024-09-12,False,Siemens,Siemens SINEMA Remote Connect Server,Medium,CWE-384,1,2024,,False,False,False,False,False,False,False,False,False,False,False
ICSA-24-256-03,2024-09-12,False,Siemens,Siemens User Management Component (UMC),Critical,CWE-122,1,2024,,False,False,False,False,False,False,False,False,False,False,False
ICSA-24-256-07,2024-09-12,False,Siemens,Siemens SIMATIC RFID Readers,High,"CWE-912, CWE-200, CWE-703, CWE-284",6,2024,,False,False,False,False,False,False,False,False,False,False,False
ICSA-24-256-08,2024-09-12,False,Siemens,Siemens Industrial Products,Medium,CWE-20,1,2024,,False,False,False,False,False,False,False,False,False,False,False
ICSA-24-256-09,2024-09-12,False,Siemens,"Siemens SIMATIC, SIPLUS, and TIM",High,CWE-476,3,2024,,False,False,False,False,False,False,False,False,False,False,False
ICSA-24-256-10,2024-09-12,False,Siemens,Siemens SINEMA,Medium,"CWE-416, CWE-20, CWE-295, CWE-772, CWE-297, CWE-613, CWE-532",7,2024,CWE-295;CWE-297,False,False,False,False,True,False,False,False,True,True,False
ICSA-24-256-11,2024-09-12,False,Siemens,Siemens Industrial Edge Management,Critical,CWE-639,1,2024,,False,False,False,False,False,False,False,False,False,False,False
ICSA-24-256-12,2024-09-12,False,Siemens,Siemens Tecnomatix Plant Simulation,High,CWE-121,1,2024,,False,False,False,False,False,False,False,False,False,False,False
ICSA-24-256-13,2024-09-12,False,Siemens,Siemens SCALANCE W700,Critical,CWE-74,1,2024,,False,False,False,False,False,False,False,False,False,False,False
ICSA-24-256-14,2024-09-12,False,Siemens,Siemens SIMATIC SCADA and PCS 7 Systems,Critical,CWE-250,1,2024,,False,False,False,False,False,False,False,False,False,False,False
ICSA-24-256-16,2024-09-12,False,Siemens,Siemens Third Party Component in SICAM and SITIPE Products,High,CWE-120,1,2024,,False,False,False,False,False,False,False,False,False,False,False
ICSA-24-256-18,2024-09-12,False,Rockwell Automation,Rockwell Automation ControlLogix/GuardLogix 5580 and CompactLogix/Compact GuardLogix 5380,High,CWE-20,1,2024,,False,False,False,False,False,False,False,False,False,False,False
ICSA-24-261-01,2024-09-17,False,Siemens,Siemens SIMATIC S7-200 SMART Devices,High,CWE-400,1,2024,,False,False,False,False,False,False,False,False,False,False,False
ICSA-24-261-02,2024-09-17,False,Millbeck Communications,Millbeck Communications Proroute H685t-w,High,"CWE-77, CWE-79",2,2024,,False,False,False,False,False,False,False,False,False,False,False
ICSA-24-261-03,2024-09-17,False,Yokogawa,Yokogawa Dual-redundant Platform for Computer (PC2CKM),High,CWE-252,1,2024,,False,False,False,False,False,False,False,False,False,False,False
ICSA-24-263-02,2024-09-19,False,IDEC Corporation,IDEC Products (Update A),Medium,"CWE-319, CWE-340",2,2024,CWE-319;CWE-340,False,False,False,False,False,True,False,True,True,True,False
ICSA-24-263-03,2024-09-19,False,IDEC Corporation,IDEC CORPORATION WindLDR and WindO/I-NV4,Medium,CWE-312,1,2024,CWE-312,False,False,False,False,False,False,False,True,True,False,False
ICSA-24-268-01,2024-09-24,False,OPW Fuel Management Systems,OPW Fuel Management Systems SiteSentinel,Critical,CWE-306,1,2024,,False,False,False,False,False,False,False,False,False,False,False
ICSA-24-268-03,2024-09-24,False,Franklin Fueling System,Franklin Fueling Systems TS-550 EVO,High,CWE-36,1,2024,,False,False,False,False,False,False,False,False,False,False,False
ICSA-24-268-04,2024-09-24,False,Dover Fueling Solutions (DFS),Dover Fueling Solutions ProGauge MAGLINK LX CONSOLE,Critical,"CWE-77, CWE-269, CWE-259, CWE-288, CWE-79",6,2024,CWE-259,False,True,False,False,False,False,False,False,True,True,False
ICSA-24-268-05,2024-09-24,False,Moxa,Moxa MXview One,Medium,"CWE-313, CWE-24, CWE-367",3,2024,,False,False,False,False,False,False,False,False,False,False,False
ICSA-24-270-01,2024-09-26,False,Advantech,Advantech ADAM-5550,High,"CWE-261, CWE-79",2,2024,CWE-261,False,False,True,False,False,False,False,False,True,True,False
ICSA-24-270-02,2024-09-26,False,Advantech,Advantech ADAM-5630,High,"CWE-539, CWE-352, CWE-261, CWE-306",4,2024,CWE-261,False,False,True,False,False,False,False,False,True,True,False
ICSA-24-277-02,2024-10-03,False,SUBNET Solutions Inc.,Subnet Solutions Inc. PowerSYSTEM Center,High,"CWE-918, CWE-1333, CWE-352",3,2024,,False,False,False,False,False,False,False,False,False,False,False
ICSA-24-284-01,2024-10-10,False,Siemens,Siemens SIMATIC S7-1500 and S7-1200 CPUs,Medium,CWE-601,1,2024,,False,False,False,False,False,False,False,False,False,False,False
ICSA-24-284-09,2024-10-10,False,Siemens,Siemens PSS SINCAL,Critical,CWE-119,2,2024,,False,False,False,False,False,False,False,False,False,False,False
ICSA-24-284-10,2024-10-10,False,Siemens,Siemens SIMATIC S7-1500 CPUs,Medium,CWE-288,1,2024,,False,False,False,False,False,False,False,False,False,False,False
ICSA-24-284-11,2024-10-10,False,Siemens,Siemens RUGGEDCOM APE1808,Medium,CWE-863,1,2024,,False,False,False,False,False,False,False,False,False,False,False
ICSA-24-284-12,2024-10-10,False,Siemens,Siemens Sentron Powercenter 1000,Critical,CWE-754,1,2024,,False,False,False,False,False,False,False,False,False,False,False
ICSA-24-284-13,2024-10-10,False,Siemens,Siemens Tecnomatix Plant Simulation,High,"CWE-125, CWE-119, CWE-787, CWE-476",14,2024,,False,False,False,False,False,False,False,False,False,False,False
ICSA-24-284-14,2024-10-10,False,Schneider Electric,Schneider Electric Zelio Soft 2,High,"CWE-416, CWE-20",2,2024,,False,False,False,False,False,False,False,False,False,False,False
ICSA-24-284-17,2024-10-10,False,Rockwell Automation,Rockwell Automation Verve Asset Manager,High,CWE-842,1,2024,,False,False,False,False,False,False,False,False,False,False,False
ICSA-24-284-18,2024-10-10,False,Rockwell Automation,Rockwell Automation Logix Controllers,High,CWE-400,1,2024,,False,False,False,False,False,False,False,False,False,False,False
ICSA-24-284-20,2024-10-10,False,Rockwell Automation,Rockwell Automation ControlLogix,High,CWE-20,1,2024,,False,False,False,False,False,False,False,False,False,False,False
ICSA-24-284-21,2024-10-10,False,Delta Electronics,Delta Electronics CNCSoft-G2,High,"CWE-121, CWE-787, CWE-122, CWE-125, CWE-457",5,2024,,False,False,False,False,False,False,False,False,False,False,False
ICSA-24-289-02,2024-10-15,False,Schneider Electric,Schneider Electric Data Center Expert,High,"CWE-347, CWE-306",2,2024,CWE-347,False,False,False,False,True,False,False,False,True,True,False
ICSA-24-291-01,2024-10-17,False,Elvaco,Elvaco M-Bus Metering Gateway CMe3100 (Update A),Critical,"CWE-522, CWE-79, CWE-434, CWE-306",4,2024,CWE-522,False,False,True,False,False,False,False,False,True,True,False
ICSA-24-291-04,2024-10-17,False,HMS Networks,HMS Networks EWON FLEXY 202,High,CWE-522,1,2024,CWE-522,False,False,True,False,False,False,False,False,True,True,False
ICSA-24-298-03,2024-10-24,False,Deep Sea Electronics,Deep Sea Electronics DSE855,High,CWE-306,1,2024,,False,False,False,False,False,False,False,False,False,False,False
ICSA-24-303-02,2024-10-29,False,Solar-Log,Solar-Log Base 15,Medium,CWE-79,1,2024,,False,False,False,False,False,False,False,False,False,False,False
ICSA-24-312-02,2024-11-07,False,Delta Electronics,Delta Electronics DIAScreen,High,CWE-121,3,2024,,False,False,False,False,False,False,False,False,False,False,False
ICSA-24-317-01,2024-11-12,False,SUBNET Solutions Inc.,Subnet Solutions PowerSYSTEM Center,Critical,"CWE-611, CWE-190",3,2024,,False,False,False,False,False,False,False,False,False,False,False
ICSA-24-317-02,2024-11-12,False,Hitachi Energy,Hitachi Energy TRO600,High,"CWE-77, CWE-212",2,2024,,False,False,False,False,False,False,False,False,False,False,False
ICSA-24-319-01,2024-11-14,False,Siemens,Siemens RUGGEDCOM CROSSBOW,Medium,"CWE-122, CWE-416",2,2024,,False,False,False,False,False,False,False,False,False,False,False
ICSA-24-319-07,2024-11-14,False,Siemens,Siemens Engineering Platforms,High,CWE-502,1,2024,,False,False,False,False,False,False,False,False,False,False,False
ICSA-24-319-11,2024-11-14,False,Siemens,Siemens SIMATIC CP,High,CWE-863,1,2024,,False,False,False,False,False,False,False,False,False,False,False
ICSA-24-319-16,2024-10-29,False,Hitachi Energy,Hitachi Energy MSM (Update A),High,"CWE-772, CWE-835",2,2024,,False,False,False,False,False,False,False,False,False,False,False
ICSA-24-326-02,2024-11-21,False,CODESYS GmbH,OSCAT Basic Library,Medium,CWE-125,1,2024,,False,False,False,False,False,False,False,False,False,False,False
ICSA-24-326-03,2024-11-12,False,Schneider Electric,"Schneider Electric Modicon M340, MC80, and Momentum Unity M1E & EcoStruxure (Update A)",High,"CWE-290, CWE-924",2,2024,,False,False,False,False,False,False,False,False,False,False,False
ICSA-24-326-04,2024-11-12,False,Schneider Electric,"Schneider Electric Modicon M340, MC80, and Momentum Unity M1E (Update B)",High,"CWE-119, CWE-20",3,2024,,False,False,False,False,False,False,False,False,False,False,False
ICSA-24-326-05,2024-11-21,False,Schneider Electric,Schneider Electric EcoStruxure IT Gateway,Critical,CWE-862,1,2024,,False,False,False,False,False,False,False,False,False,False,False
ICSA-24-326-06,2024-11-21,False,Schneider Electric,Schneider Electric PowerLogic PM5300 Series,High,CWE-400,1,2024,,False,False,False,False,False,False,False,False,False,False,False
ICSA-24-331-01,2024-11-26,False,Schneider Electric,Schneider Electric PowerLogic PM55xx and PowerLogic PM8ECC,Critical,"CWE-640, CWE-287",2,2024,,False,False,False,False,False,False,False,False,False,False,False
ICSA-24-331-03,2024-11-26,False,Schneider Electric,"Schneider Electric EcoStruxure Control Expert, EcoStruxure Process Expert, and Modicon M340, M580 and M580 Safety PLCs (Update A)",High,"CWE-522, CWE-798, CWE-924",3,2024,CWE-522;CWE-798,False,True,True,False,False,False,False,False,True,True,False
ICSA-24-331-04,2024-11-26,False,Hitachi Energy,Hitachi Energy MicroSCADA Pro/X SYS600 (Update A),Critical,"CWE-943, CWE-22, CWE-294, CWE-306, CWE-601",5,2024,,False,False,False,False,False,False,False,False,False,False,False
ICSA-24-331-05,2024-11-26,False,Hitachi Energy,Hitachi Energy RTU500 Scripting Interface,High,CWE-295,1,2024,CWE-295,False,False,False,False,True,False,False,False,True,True,False
ICSA-24-338-02,2024-12-03,False,Siemens,Siemens RUGGEDCOM APE1808,Critical,"CWE-306, CWE-476, CWE-22, CWE-78",4,2024,,False,False,False,False,False,False,False,False,False,False,False
ICSA-24-338-05,2024-12-03,False,Fuji Electric,Fuji Electric Monitouch V-SFT (Update A),High,CWE-787,10,2024,,False,False,False,False,False,False,False,False,False,False,False
ICSA-24-340-01,2024-12-05,False,AutomationDirect,AutomationDirect C-More EA9 Programming Software,High,CWE-121,3,2024,,False,False,False,False,False,False,False,False,False,False,False
ICSA-24-345-02,2024-12-10,False,Schneider Electric,Schneider Electric EcoStruxure Foxboro DCS Core Control Services,High,"CWE-787, CWE-129, CWE-20",3,2024,,False,False,False,False,False,False,False,False,False,False,False
ICSA-24-345-03,2024-12-10,False,Schneider Electric,Schneider Electric FoxRTU Station,High,CWE-22,1,2024,,False,False,False,False,False,False,False,False,False,False,False
ICSA-24-347-02,2024-12-12,False,Siemens,Siemens Engineering Platforms,High,CWE-20,1,2024,,False,False,False,False,False,False,False,False,False,False,False
ICSA-24-347-04,2024-12-12,False,Siemens,Siemens Parasolid,High,CWE-787,1,2024,,False,False,False,False,False,False,False,False,False,False,False
ICSA-24-347-05,2024-12-12,False,Siemens,Siemens Engineering Platforms,High,CWE-502,1,2024,,False,False,False,False,False,False,False,False,False,False,False
ICSA-24-347-10,2024-12-12,False,Siemens,Siemens SENTRON Powercenter 1000 (Update A),High,CWE-821,1,2024,,False,False,False,False,False,False,False,False,False,False,False
ICSA-24-352-02,2024-12-17,False,Hitachi Energy,Hitachi Energy TropOS Devices Series 1400/2400/6400,Medium,CWE-20,1,2024,,False,False,False,False,False,False,False,False,False,False,False
ICSA-24-352-04,2024-12-17,False,Schneider Electric,Schneider Electric Modicon (Update B),Critical,CWE-20,1,2024,,False,False,False,False,False,False,False,False,False,False,False
ICSA-24-354-01,2024-12-19,False,Hitachi Energy,Hitachi Energy RTU500 series CMU,Medium,CWE-120,1,2024,,False,False,False,False,False,False,False,False,False,False,False
ICSA-24-354-02,2024-12-19,False,Hitachi Energy,Hitachi Energy SDM600,High,"CWE-346, CWE-863",2,2024,,False,False,False,False,False,False,False,False,False,False,False
ICSA-24-354-04,2024-12-19,False,Siemens,Siemens User Management Component,Critical,CWE-122,1,2024,,False,False,False,False,False,False,False,False,False,False,False
ICSA-24-354-06,2024-12-19,False,Schneider Electric,Schneider Electric Accutech Manager,High,CWE-120,1,2024,,False,False,False,False,False,False,False,False,False,False,False
ICSA-24-354-07,2024-12-19,False,Schneider Electric,Schneider Electric Modicon Controllers (Update A),Medium,CWE-79,1,2024,,False,False,False,False,False,False,False,False,False,False,False
ICSA-25-010-02,2025-01-10,True,Schneider Electric,Schneider Electric Harmony HMI and Pro-face HMI Products,High,CWE-1104,1,2025,,False,False,False,False,False,False,False,False,False,False,False
ICSA-25-014-01,2025-01-14,True,Hitachi Energy,Hitachi Energy FOXMAN-UN,Critical,"CWE-288, CWE-88, CWE-122, CWE-286, CWE-295, CWE-307, CWE-259, CWE-312",8,2025,CWE-259;CWE-295;CWE-312,False,True,False,False,True,False,False,True,True,True,False
ICSA-25-014-02,2025-01-14,True,Schneider Electric,Schneider Electric Vijeo Designer (Update A),High,CWE-269,1,2025,,False,False,False,False,False,False,False,False,False,False,False
ICSA-25-014-03,2025-01-14,True,Schneider Electric,Schneider Electric EcoStruxure,Medium,CWE-79,1,2025,,False,False,False,False,False,False,False,False,False,False,False
ICSA-25-016-01,2025-01-16,True,Siemens,Siemens Mendix LDAP,High,CWE-90,1,2025,,False,False,False,False,False,False,False,False,False,False,False
ICSA-25-016-02,2025-01-16,True,Siemens,Siemens Industrial Edge Management,Low,CWE-79,1,2025,,False,False,False,False,False,False,False,False,False,False,False
ICSA-25-021-02,2025-01-21,True,Siemens,Siemens SIMATIC S7-1200 CPUs,High,CWE-352,1,2025,,False,False,False,False,False,False,False,False,False,False,False
ICSA-25-023-02,2024-04-30,True,Hitachi Energy,Hitachi Energy RTU500 Series Product (Update B),High,CWE-358,1,2024,,False,False,False,False,False,False,False,False,False,False,False
ICSA-25-023-04,2025-01-23,True,Schneider Electric,Schneider Electric Easergy Studio,High,CWE-269,1,2025,,False,False,False,False,False,False,False,False,False,False,False
ICSA-25-023-05,2025-01-23,True,Schneider Electric,Schneider Electric EcoStruxure Power Build Rapsody (Update A),Medium,CWE-119,1,2025,,False,False,False,False,False,False,False,False,False,False,False
ICSA-25-028-02,2025-01-28,True,Schneider Electric,Schneider Electric Power Logic,High,"CWE-639, CWE-119",2,2025,,False,False,False,False,False,False,False,False,False,False,False
ICSA-25-028-06,2025-01-14,True,Schneider Electric,Schneider Electric RemoteConnect and SCADAPack x70 Utilities (Update A),High,CWE-502,1,2025,,False,False,False,False,False,False,False,False,False,False,False
ICSA-25-030-03,2025-01-30,True,Schneider Electric,Schneider Electric System Monitor Application in Harmony and Pro-face PS5000 Legacy Industrial PCs,Critical,CWE-200,1,2025,,False,False,False,False,False,False,False,False,False,False,False
ICSA-25-035-04,2025-02-04,True,Schneider Electric,"Schneider Electric Modicon M580 PLCs, BMENOR2200H and EVLink Pro AC (Update A)",High,CWE-131,1,2025,,False,False,False,False,False,False,False,False,False,False,False
ICSA-25-035-05,2025-02-04,True,Schneider Electric,Schneider Electric Web Designer for Modicon,High,CWE-611,1,2025,,False,False,False,False,False,False,False,False,False,False,False
ICSA-25-035-06,2025-02-04,True,Schneider Electric,"Schneider Electric Modicon M340 and BMXNOE0100/0110, BMXNOR0200H (Update B)",High,CWE-200,1,2025,,False,False,False,False,False,False,False,False,False,False,False
ICSA-25-035-07,2025-02-04,True,Schneider Electric,Schneider Electric Pro-Face GP-Pro EX and Remote HMI (Update A),Medium,CWE-924,1,2025,,False,False,False,False,False,False,False,False,False,False,False
ICSA-25-037-01,2025-02-06,True,Schneider Electric,Schneider Electric EcoStruxure Power Monitoring Expert (PME) (Update B),High,CWE-502,1,2025,,False,False,False,False,False,False,False,False,False,False,False
ICSA-25-037-02,2025-01-14,True,Schneider Electric,Schneider Electric EcoStruxure (Update D),High,CWE-427,1,2025,,False,False,False,False,False,False,False,False,False,False,False
ICSA-25-037-04,2025-02-06,True,Trimble,Trimble Cityworks (Update A),High,CWE-502,1,2025,,False,False,False,False,False,False,False,False,False,False,False
ICSA-25-044-01,2025-02-13,True,Siemens,Siemens SIMATIC S7-1200 CPU Family,High,"CWE-404, CWE-1286",2,2025,,False,False,False,False,False,False,False,False,False,False,False
ICSA-25-044-02,2025-02-13,True,Siemens,iemens SIMATIC,Medium,CWE-203,1,2025,,False,False,False,False,False,False,False,False,False,False,False
ICSA-25-044-04,2025-02-13,True,Siemens,Siemens SIPROTEC 5,High,CWE-489,1,2025,,False,False,False,False,False,False,False,False,False,False,False
ICSA-25-044-09,2025-02-13,True,Siemens,Siemens SCALANCE W700,Critical,"CWE-415, CWE-923, CWE-404, CWE-326, CWE-362, CWE-190, CWE-787, CWE-476, CWE-610, CWE-416, CWE-843, CWE-295, CWE-401, CWE-400, CWE-125, CWE-1333, CWE-684, CWE-754, CWE-183, CWE-20, CWE-369, CWE-425, CWE-252, CWE-222, CWE-304, CWE-78, CWE-834, CWE-200, CWE-203, CWE-119, CWE-79, CWE-74, CWE-284",72,2025,CWE-295;CWE-326,True,False,False,False,True,False,False,False,True,True,False
ICSA-25-044-12,2025-02-13,True,Siemens,Siemens SIMATIC IPC DiagBase and SIMATIC IPC DiagMonitor,High,CWE-732,1,2025,,False,False,False,False,False,False,False,False,False,False,False
ICSA-25-044-13,2025-02-13,True,Siemens,Siemens SIMATIC PCS neo and TIA Administrator,High,CWE-613,1,2025,,False,False,False,False,False,False,False,False,False,False,False
ICSA-25-044-15,2025-02-13,True,ORing,ORing IAP-420,High,"CWE-79, CWE-77",2,2025,,False,False,False,False,False,False,False,False,False,False,False
ICSA-25-044-17,2025-02-13,True,Outback Power,Outback Power Mojave Inverter,High,"CWE-598, CWE-200, CWE-77",3,2025,,False,False,False,False,False,False,False,False,False,False,False
ICSA-25-051-04,2025-02-20,True,Siemens,Siemens SiPass Integrated,Critical,CWE-22,1,2025,,False,False,False,False,False,False,False,False,False,False,False
ICSA-25-058-01,2025-02-27,True,Schneider Electric,Schneider Electric Communication Modules for Modicon M580 and Quantum controllers (Update B),Critical,CWE-787,1,2025,,False,False,False,False,False,False,False,False,False,False,False
ICSA-25-063-03,2025-03-04,True,Hitachi Energy,Hitachi Energy MACH PS700,Medium,CWE-427,1,2025,,False,False,False,False,False,False,False,False,False,False,False
ICSA-25-063-04,2025-03-04,True,Hitachi Energy,Hitachi Energy XMC20,Medium,CWE-23,1,2025,,False,False,False,False,False,False,False,False,False,False,False
ICSA-25-063-06,2025-03-04,True,Delta Electronics,Delta Electronics CNCSoft-G2,High,CWE-122,1,2025,,False,False,False,False,False,False,False,False,False,False,False
ICSA-25-065-01,2025-03-06,True,Hitachi Energy,Hitachi Energy PCU400,High,"CWE-843, CWE-476, CWE-416, CWE-415, CWE-203, CWE-125",8,2025,,False,False,False,False,False,False,False,False,False,False,False
ICSA-25-065-02,2025-03-06,True,Hitachi Energy,Hitachi Energy Relion 670/650/SAM600-IO,High,CWE-274,1,2025,,False,False,False,False,False,False,False,False,False,False,False
ICSA-25-070-01,2025-03-11,True,Schneider Electric,Schneider Electric Uni-Telway Driver (Update D),Medium,CWE-20,1,2025,,False,False,False,False,False,False,False,False,False,False,False
ICSA-25-072-02,2025-03-13,True,Siemens,Siemens SINEMA Remote Connect Server,High,"CWE-117, CWE-772",2,2025,,False,False,False,False,False,False,False,False,False,False,False
ICSA-25-072-03,2025-03-13,True,Siemens,Siemens SIMATIC S7-1500 TM MFP,High,"CWE-415, CWE-416, CWE-476, CWE-805, CWE-457",5,2025,,False,False,False,False,False,False,False,False,False,False,False
ICSA-25-072-09,2025-03-13,True,Siemens,Siemens OPC UA,Critical,"CWE-208, CWE-305",2,2025,,False,False,False,False,False,False,False,False,False,False,False
ICSA-25-072-10,2025-03-13,True,Siemens,Siemens SINEMA Remote Connect Client,Critical,"CWE-190, CWE-420, CWE-923, CWE-121, CWE-434, CWE-772",6,2025,,False,False,False,False,False,False,False,False,False,False,False
ICSA-25-072-11,2025-03-13,True,Siemens,"Siemens SIMATIC IPC Family, ITP1000, and Field PGs",High,CWE-693,2,2025,,False,False,False,False,False,False,False,False,False,False,False
ICSA-25-072-12,2025-03-13,True,Sungrow,Sungrow iSolarCloud Android App and WiNet Firmware,Critical,"CWE-295, CWE-327, CWE-639, CWE-798, CWE-259, CWE-121, CWE-122, CWE-494",15,2025,CWE-259;CWE-295;CWE-327;CWE-798,True,True,False,False,True,False,False,False,True,True,False
ICSA-25-077-01,2025-03-18,True,Schneider Electric,Schneider Electric EcoStruxure Power Automation System User Interface (EPAS-UI),High,CWE-287,1,2025,,False,False,False,False,False,False,False,False,False,False,False
ICSA-25-077-03,2025-03-18,True,Schneider Electric,Schneider Electric EcoStruxure Power Automation System,Critical,CWE-1188,1,2025,,False,False,False,False,False,False,False,False,False,False,False
ICSA-25-077-04,2025-03-18,True,Schneider Electric,Schneider Electric EcoStruxure Panel Server,Medium,CWE-532,1,2025,,False,False,False,False,False,False,False,False,False,False,False
ICSA-25-077-05,2025-03-18,True,Schneider Electric,Schneider Electric ASCO 5310/5350 Remote Annunciator,High,"CWE-494, CWE-770, CWE-319, CWE-434",4,2025,CWE-319,False,False,False,False,False,False,False,True,True,False,False
ICSA-25-079-01,2025-02-11,True,Schneider Electric,Schneider Electric EcoStruxure Process Expert (Update A),High,CWE-269,1,2025,,False,False,False,False,False,False,False,False,False,False,False
ICSA-25-079-02,2025-03-20,True,Schneider Electric,Schneider Electric Enerlin’X IFE and eIFE,High,CWE-20,3,2025,,False,False,False,False,False,False,False,False,False,False,False
ICSA-25-079-04,2025-03-20,True,SMA Solar Technology AG,SMA Sunny Portal,Medium,CWE-434,1,2025,,False,False,False,False,False,False,False,False,False,False,False
ICSA-25-093-01,2025-04-03,True,Hitachi Energy,Hitachi Energy RTU500 Series (Update B),High,"CWE-476, CWE-410, CWE-820",4,2025,,False,False,False,False,False,False,False,False,False,False,False
ICSA-25-093-02,2025-04-03,True,Hitachi Energy,Hitachi Energy TRMTracker,Medium,"CWE-90, CWE-74, CWE-79",3,2025,,False,False,False,False,False,False,False,False,False,False,False
ICSA-25-100-01,2025-04-10,True,Siemens,Siemens License Server,Medium,"CWE-269, CWE-295",2,2025,CWE-295,False,False,False,False,True,False,False,False,True,True,False
ICSA-25-100-02,2025-04-10,True,Siemens,Siemens SIDIS Prime,Critical,"CWE-363, CWE-354, CWE-606, CWE-440, CWE-684, CWE-122, CWE-319, CWE-416, CWE-476, CWE-200, CWE-787, CWE-20, CWE-400",14,2025,CWE-319;CWE-354,False,False,False,False,True,False,False,True,True,True,False
ICSA-25-100-04,2025-04-10,True,Siemens,Siemens Industrial Edge Devices,Critical,CWE-1390,1,2025,,False,False,False,False,False,False,False,False,False,False,False
ICSA-25-100-06,2025-04-10,True,Siemens,Siemens SENTRON 7KT PAC1260 Data Manager,Critical,"CWE-78, CWE-306, CWE-22, CWE-798, CWE-352, CWE-620",9,2025,CWE-798,False,True,False,False,False,False,False,False,True,True,False
ICSA-25-100-08,2025-04-10,True,SUBNET Solutions Inc.,Subnet Solutions PowerSYSTEM Center,Medium,"CWE-125, CWE-502",2,2025,,False,False,False,False,False,False,False,False,False,False,False
ICSA-25-100-09,2025-04-10,True,ABB,ABB Arctic Wireless Gateways,Critical,"CWE-120, CWE-269, CWE-200, CWE-22, CWE-362",8,2025,,False,False,False,False,False,False,False,False,False,False,False
ICSA-25-105-03,2025-04-15,True,Siemens,"Siemens SIMOCODE, SIMATIC, SIPLUS, SIDOOR, SIWAREX",Medium,CWE-400,1,2025,,False,False,False,False,False,False,False,False,False,False,False
ICSA-25-105-04,2025-04-15,True,Growatt,Growatt Cloud Applications,Critical,"CWE-79, CWE-639, CWE-351, CWE-15",30,2025,,False,False,False,False,False,False,False,False,False,False,False
ICSA-25-105-05,2025-04-15,True,Lantronix,Lantronix XPort (Update A),Critical,CWE-306,1,2025,,False,False,False,False,False,False,False,False,False,False,False
ICSA-25-105-07,2025-04-15,True,Delta Electronics,Delta Electronics COMMGR (Update A),Critical,CWE-338,1,2025,CWE-338,False,False,False,False,False,True,False,False,True,True,False
ICSA-25-105-08,2025-04-15,True,ABB,ABB M2M Gateway,High,"CWE-190, CWE-444, CWE-428, CWE-426, CWE-416, CWE-787, CWE-120, CWE-401, CWE-770, CWE-787, CWE-269, CWE-22, CWE-74, CWE-119, CWE-131, CWE-362, CWE-843, CWE-20, CWE-400, CWE-203, CWE-209, CWE-354, CWE-326, CWE-212, CWE-200",42,2025,CWE-326;CWE-354,True,False,False,False,True,False,False,False,True,True,False
ICSA-25-107-01,2025-04-17,True,Schneider Electric,Schneider Electric Trio Q Licensed Data Radio,Medium,"CWE-922, CWE-1188",3,2025,,False,False,False,False,False,False,False,False,False,False,False
ICSA-25-107-02,2025-04-17,True,Schneider Electric,Schneider Electric Sage Series,Critical,"CWE-787, CWE-22, CWE-276, CWE-252, CWE-120, CWE-125",6,2025,,False,False,False,False,False,False,False,False,False,False,False
ICSA-25-107-03,2025-04-17,True,Schneider Electric,Schneider Electric ConneXium Network Manager,High,"CWE-552, CWE-20",2,2025,,False,False,False,False,False,False,False,False,False,False,False
ICSA-25-107-04,2025-04-17,True,Yokogawa,Yokogawa Recorder Products,Critical,CWE-306,1,2025,,False,False,False,False,False,False,False,False,False,False,False
ICSA-25-112-01,2025-04-22,True,Siemens,Siemens TeleControl Server Basic SQL,Critical,CWE-89,67,2025,,False,False,False,False,False,False,False,False,False,False,False
ICSA-25-112-02,2025-04-22,True,Siemens,Siemens TeleControl Server Basic,Medium,CWE-130,1,2025,,False,False,False,False,False,False,False,False,False,False,False
ICSA-25-112-03,2025-04-22,True,Schneider Electric,Schneider Electric Wiser Home Controller WHC-5918A,Critical,CWE-200,1,2025,,False,False,False,False,False,False,False,False,False,False,False
ICSA-25-114-01,2019-05-14,True,Schneider Electric,Schneider Electric Modicon Controllers (Update A),Critical,"CWE-125, CWE-200, CWE-248, CWE-284, CWE-290, CWE-501, CWE-807",22,2019,,False,False,False,False,False,False,False,False,False,False,False
ICSA-25-114-05,2025-04-24,True,Johnson Controls Inc.,Johnson Controls ICU,Critical,CWE-121,1,2025,,False,False,False,False,False,False,False,False,False,False,False
ICSA-25-121-01,2025-05-01,True,KUNBUS,KUNBUS GmbH Revolution Pi (Update A),Critical,"CWE-306, CWE-305, CWE-97",4,2025,,False,False,False,False,False,False,False,False,False,False,False
ICSA-25-126-02,2025-05-06,True,Milesight,Milesight UG65-868M-EA,Medium,CWE-1274,1,2025,,False,False,False,False,False,False,False,False,False,False,False
ICSA-25-133-01,2025-05-13,True,Hitachi Energy,Hitachi Energy Service Suite,Critical,"CWE-348, CWE-444, CWE-190, CWE-787, CWE-770, CWE-200, CWE-789, CWE-125, CWE-400, CWE-404, CWE-113",16,2025,,False,False,False,False,False,False,False,False,False,False,False
ICSA-25-133-02,2023-11-28,False,Hitachi Energy,Hitachi Energy Relion 670/650/SAM600-IO Series (Update B),Medium,CWE-1284,1,2023,,False,False,False,False,False,False,False,False,False,False,False
ICSA-25-133-03,2025-05-13,True,Hitachi Energy,Hitachi Energy MACH GWS Products,Critical,"CWE-943, CWE-22, CWE-294, CWE-306",4,2025,,False,False,False,False,False,False,False,False,False,False,False
ICSA-25-133-04,2025-04-30,True,ABB,ABB Automation Builder (Update A),High,CWE-732,2,2025,,False,False,False,False,False,False,False,False,False,False,False
ICSA-25-135-02,2025-05-15,True,Siemens,Siemens INTRALOG WMS,High,"CWE-319, CWE-400, CWE-416, CWE-59, CWE-20, CWE-407",8,2025,CWE-319,False,False,False,False,False,False,False,True,True,False,False
ICSA-25-135-07,2025-05-15,True,Siemens,Siemens IPC RS-828A,Critical,CWE-290,1,2025,,False,False,False,False,False,False,False,False,False,False,False
ICSA-25-135-08,2025-05-15,True,Siemens,Siemens VersiCharge AC Series EV Chargers,High,"CWE-1326, CWE-1188",2,2025,,False,False,False,False,False,False,False,False,False,False,True
ICSA-25-135-09,2025-05-15,True,Siemens,Siemens User Management Component (UMC),High,"CWE-125, CWE-787, CWE-125",3,2025,,False,False,False,False,False,False,False,False,False,False,False
ICSA-25-135-12,2025-05-15,True,Siemens,Siemens SIMATIC PCS neo,High,CWE-613,1,2025,,False,False,False,False,False,False,False,False,False,False,False
ICSA-25-135-14,2025-05-15,True,Siemens,Siemens APOGEE PXC and TALON TC Series,Medium,CWE-440,1,2025,,False,False,False,False,False,False,False,False,False,False,False
ICSA-25-135-15,2025-05-15,True,Siemens,Siemens Mendix OIDC SSOICSA-25-135-16 Siemens MS/TP Point Pickup Module,Low,CWE-266,1,2025,,False,False,False,False,False,False,False,False,False,False,False
ICSA-25-135-16,2025-05-15,True,Siemens,Siemens MS/TP Point Pickup Module,High,CWE-20,1,2025,,False,False,False,False,False,False,False,False,False,False,False
ICSA-25-135-20,2025-05-15,True,Schneider Electric,Schneider Electric EcoStruxure Power Build Rapsody,Medium,CWE-121,1,2025,,False,False,False,False,False,False,False,False,False,False,False
ICSA-25-140-06,2025-05-20,True,Schneider Electric,Schneider Electric PrismaSeT Active - Wireless Panel Server,Critical,CWE-120,1,2025,,False,False,False,False,False,False,False,False,False,False,False
ICSA-25-140-07,2025-05-20,True,Schneider Electric,"Schneider Electric Galaxy VS, Galaxy VL, Galaxy VXL (Update A)",Critical,CWE-306,1,2025,,False,False,False,False,False,False,False,False,False,False,False
ICSA-25-140-08,2025-05-20,True,Schneider Electric,Schneider Electric Modicon Controllers (Update B),High,CWE-610,1,2025,,False,False,False,False,False,False,False,False,False,False,False
ICSA-25-140-10,2025-05-20,True,Vertiv,Vertiv Liebert RDU101 and UNITY,Critical,"CWE-288, CWE-121",2,2025,,False,False,False,False,False,False,False,False,False,False,False
ICSA-25-146-01,2025-05-27,True,Johnson Controls Inc.,Johnson Controls iSTAR Configuration Utility (ICU) Tool,Medium,CWE-457,1,2025,,False,False,False,False,False,False,False,False,False,False,False
ICSA-25-148-03,2025-05-29,True,Consilium Safety,Consilium Safety CS5000 Fire Panel (Update A),High,"CWE-1188, CWE-798",2,2025,CWE-798,False,True,False,False,False,False,False,False,True,True,False
ICSA-25-153-01,2025-06-03,True,Schneider Electric,Schneider Electric Wiser Home Automation,Critical,CWE-120,1,2025,,False,False,False,False,False,False,False,False,False,False,False
ICSA-25-153-02,2025-06-03,True,Schneider Electric,Schneider Electric EcoStruxure Power Build Rapsody,Medium,CWE-121,1,2025,,False,False,False,False,False,False,False,False,False,False,False
ICSA-25-155-02,2025-06-05,True,Hitachi Energy,"Hitachi Energy Relion 670, 650 series and SAM600-IO Product",Critical,CWE-190,2,2025,,False,False,False,False,False,False,False,False,False,False,False
ICSA-25-160-02,2023-06-27,True,Hitachi Energy,"Hitachi Energy’s Relion 670, 650, SAM600-IO series (Update A)",Medium,CWE-203,1,2023,,False,False,False,False,False,False,False,False,False,False,False
ICSA-25-162-05,2025-06-12,True,Siemens,Siemens SIMATIC S7-1500 CPU Family,High,"CWE-311, CWE-125, CWE-121, CWE-684, CWE-787, CWE-131, CWE-122, CWE-73, CWE-400, CWE-20, CWE-222, CWE-304, CWE-78, CWE-843, CWE-364 , CWE-407, CWE-362, CWE-476, CWE-617, CWE-466, CWE-130, CWE-190, CWE-416, CWE-667, CWE-129, CWE-124, CWE-364, CWE-908, CWE-390, CWE-826",63,2025,CWE-311,False,False,False,False,False,False,False,True,True,False,False
ICSA-25-162-06,2025-06-12,True,Siemens,Siemens Energy Services,Critical,CWE-276,1,2025,,False,False,False,False,False,False,False,False,False,False,False
ICSA-25-175-02,2025-06-24,True,Delta Electronics,Delta Electronics CNCSoft,High,CWE-787,4,2025,,False,False,False,False,False,False,False,False,False,False,False
ICSA-25-175-03,2025-06-24,True,Schneider Electric,Schneider Electric Modicon Controllers (Update A),High,"CWE-20, CWE-79, CWE-400",6,2025,,False,False,False,False,False,False,False,False,False,False,False
ICSA-25-182-01,2025-07-01,True,Festo Didactic SE,"FESTO Didactic CP, MPS 200, and MPS 400 Firmware",Critical,CWE-119,1,2025,,False,False,False,False,False,False,False,False,False,False,False
ICSA-25-182-05,2025-07-01,True,"Voltronic Power, PowerShield",Voltronic Power and PowerShield UPS Monitoring Software,Critical,"CWE-749, CWE-425",2,2025,,False,False,False,False,False,False,False,False,False,False,False
ICSA-25-182-06,2025-07-01,True,Hitachi Energy,Hitachi Energy Relion 670/650 and SAM600-IO Series (Update A),High,CWE-770,1,2025,,False,False,False,False,False,False,False,False,False,False,False
ICSA-25-182-07,2025-07-01,True,Hitachi Energy,Hitachi Energy MSM,Medium,CWE-79,1,2025,,False,False,False,False,False,False,False,False,False,False,False
ICSA-25-184-01,2025-07-03,True,Hitachi Energy,Hitachi Energy Relion 670/650 and SAM600-IO Series (Update C),Medium,CWE-754,1,2025,,False,False,False,False,False,False,False,False,False,False,False
ICSA-25-184-02,2025-07-03,True,Hitachi Energy,Hitachi Energy MicroSCADA X SYS600,High,"CWE-276, CWE-73, CWE-354, CWE-202, CWE-295",5,2025,CWE-295;CWE-354,False,False,False,False,True,False,False,False,True,True,False
ICSA-25-189-01,2025-07-08,True,Emerson,Emerson ValveLink Products,Critical,"CWE-316, CWE-693, CWE-427, CWE-20",5,2025,,False,False,False,False,False,False,False,False,False,False,False
ICSA-25-191-04,2025-07-10,True,Siemens,Siemens SIMATIC CN 4100,High,CWE-20,1,2025,,False,False,False,False,False,False,False,False,False,False,False
ICSA-25-191-06,2025-07-10,True,Siemens,Siemens SIPROTEC 5,Medium,CWE-598,1,2025,,False,False,False,False,False,False,False,False,False,False,False
ICSA-25-191-09,2025-07-10,True,KUNBUS,KUNBUS RevPi Webstatus,Critical,CWE-303,1,2025,,False,False,False,False,False,False,False,False,False,False,False
ICSA-25-196-01,2025-07-15,True,Hitachi Energy,Hitachi Energy Asset Suite,Critical,"CWE-184, CWE-256, CWE-787, CWE-763",6,2025,CWE-256,False,False,True,False,False,False,False,False,True,True,False
ICSA-25-196-03,2025-07-15,True,LITEON,LITEON IC48A and IC80A EV Chargers,High,CWE-256,1,2025,CWE-256,False,False,True,False,False,False,False,False,True,True,True
ICSA-25-198-01,2025-07-17,True,Leviton,Leviton AcquiSuite and Energy Monitoring Hub,High,CWE-79,1,2025,,False,False,False,False,False,False,False,False,False,False,False
ICSA-25-203-01,2025-07-22,True,DuraComm Corporation,DuraComm DP-10iN-100-MU,High,"CWE-79, CWE-306, CWE-319",3,2025,CWE-319,False,False,False,False,False,False,False,True,True,False,False
ICSA-25-203-03,2025-07-22,True,Schneider Electric,Schneider Electric EcoStruxure,Medium,CWE-668,1,2025,,False,False,False,False,False,False,False,False,False,False,False
ICSA-25-203-04,2025-07-22,True,Schneider Electric,Schneider Electric EcoStruxure Power Operation (Update A),High,"CWE-400, CWE-409, CWE-680, CWE-787, CWE-95",6,2025,,False,False,False,False,False,False,False,False,False,False,False
ICSA-25-203-05,2025-07-22,True,Schneider Electric,Schneider Electric System Monitor Application,Medium,CWE-79,1,2025,,False,False,False,False,False,False,False,False,False,False,False
ICSA-25-205-03,2025-07-24,True,Honeywell,Honeywell Experion PKS (Update A),Critical,"CWE-457, CWE-119, CWE-226, CWE-191, CWE-430",6,2025,,False,False,False,False,False,False,False,False,False,False,False
ICSA-25-217-02,2025-08-05,True,Tigo Energy,Tigo Energy Cloud Connect Advanced (Update A),Critical,"CWE-798, CWE-77, CWE-337",3,2025,CWE-337;CWE-798,False,True,False,False,False,True,False,False,True,True,False
ICSA-25-219-01,2025-08-07,True,Delta Electronics,Delta Electronics DIAView,Critical,CWE-22,1,2025,,False,False,False,False,False,False,False,False,False,False,False
ICSA-25-219-02,2025-08-07,True,Johnson Controls Inc.,"Johnson Controls FX Server, FX80 and FX90 (Update A)",High,CWE-1395,1,2025,,False,False,False,False,False,False,False,False,False,False,False
ICSA-25-219-05,2025-08-07,True,Packet Power,Packet Power EMX and EG,Critical,CWE-306,1,2025,,False,False,False,False,False,False,False,False,False,False,False
ICSA-25-219-07,2025-08-07,True,EG4 Electronics,EG4 Electronics EG4 Inverters (Update B),Critical,"CWE-319, CWE-494, CWE-203, CWE-307",4,2025,CWE-319,False,False,False,False,False,False,False,True,True,False,False
ICSA-25-224-03,2025-08-12,True,Schneider Electric,Schneider Electric EcoStruxure (Update B),High,"CWE-502, CWE-918, CWE-22",5,2025,,False,False,False,False,False,False,False,False,False,False,False
ICSA-25-226-01,2025-08-14,True,Siemens,Siemens SIMATIC RTLS Locating Manager,Medium,"CWE-617, CWE-522",2,2025,CWE-522,False,False,True,False,False,False,False,False,True,True,False
ICSA-25-226-03,2025-08-14,True,Siemens,Siemens Engineering Platforms,High,CWE-502,1,2025,,False,False,False,False,False,False,False,False,False,False,False
ICSA-25-226-05,2025-08-14,True,Siemens,Siemens Wibu CodeMeter Runtime,High,CWE-272,1,2025,,False,False,False,False,False,False,False,False,False,False,False
ICSA-25-226-11,2025-08-14,True,Siemens,Siemens SIMATIC S7-PLCSIM,High,CWE-502,1,2025,,False,False,False,False,False,False,False,False,False,False,False
ICSA-25-226-13,2025-08-14,True,Siemens,Siemens SIMATIC RTLS Locating Manager,Critical,CWE-20,1,2025,,False,False,False,False,False,False,False,False,False,False,False
ICSA-25-226-16,2025-08-14,True,Siemens,Siemens SICAM Q100/Q200,Medium,CWE-312,2,2025,CWE-312,False,False,False,False,False,False,False,True,True,False,False
ICSA-25-226-17,2025-08-14,True,Siemens,Siemens SINEC Traffic Analyzer,High,"CWE-476, CWE-416, CWE-400, CWE-250, CWE-200, CWE-1164, CWE-300",7,2025,,False,False,False,False,False,False,False,False,False,False,False
ICSA-25-226-22,2025-08-14,True,Siemens,Siemens Web Installer,High,CWE-427,1,2025,,False,False,False,False,False,False,False,False,False,False,False
ICSA-25-226-25,2025-08-14,True,Rockwell Automation,Rockwell Automation Micro800,Critical,"CWE-1395, CWE-20",4,2025,,False,False,False,False,False,False,False,False,False,False,False
ICSA-25-226-26,2025-08-14,True,Rockwell Automation,Rockwell Automation FLEX 5000 I/O (Update A),High,CWE-20,2,2025,,False,False,False,False,False,False,False,False,False,False,False
ICSA-25-226-28,2025-08-14,True,Rockwell Automation,Rockwell Automation ControlLogix Ethernet Modules,Critical,CWE-1188,1,2025,,False,False,False,False,False,False,False,False,False,False,False
ICSA-25-226-30,2025-08-14,True,Rockwell Automation,Rockwell Automation FactoryTalk Action Manager,High,CWE-200,1,2025,,False,False,False,False,False,False,False,False,False,False,False
ICSA-25-238-01,2025-08-26,True,INVT,INVT VT-Designer and HMITool,High,"CWE-787, CWE-843",9,2025,,False,False,False,False,False,False,False,False,False,False,False
ICSA-25-238-03,2025-08-12,True,Schneider Electric,Schneider Electric Modicon M340 Controller and Communication Modules (Update A),High,CWE-20,1,2025,,False,False,False,False,False,False,False,False,False,False,False
ICSA-25-240-03,2025-08-28,True,Schneider Electric,Schneider Electric Saitel DR & Saitel DP Remote Terminal Unit,Medium,CWE-269,1,2025,,False,False,False,False,False,False,False,False,False,False,False
ICSA-25-240-04,2025-08-28,True,Delta Electronics,Delta Electronics CNCSoft-G2,High,CWE-787,1,2025,,False,False,False,False,False,False,False,False,False,False,False
ICSA-25-245-03,2025-09-02,True,SunPower,SunPower PVS6,Critical,CWE-798,1,2025,CWE-798,False,True,False,False,False,False,False,False,True,True,False
ICSA-25-247-01,2025-09-04,True,Honeywell,Honeywell OneWireless Wireless Device Manager (WDM),High,"CWE-119, CWE-226, CWE-191, CWE-430",4,2025,,False,False,False,False,False,False,False,False,False,False,False
ICSA-25-252-06,2025-09-09,True,Rockwell Automation,Rockwell Automation CompactLogix® 5480,High,CWE-306,1,2025,,False,False,False,False,False,False,False,False,False,False,False
ICSA-25-252-07,2025-09-09,True,Rockwell Automation,Rockwell Automation ControlLogix 5580,High,CWE-476,1,2025,,False,False,False,False,False,False,False,False,False,False,False
ICSA-25-254-01,2025-09-11,False,Siemens,Siemens SIMOTION Tools,High,CWE-754,1,2025,,False,False,False,False,False,False,False,False,False,False,False
ICSA-25-254-02,2025-09-11,False,Siemens,Siemens SIMATIC Virtualization as a Service (SIVaaS),Critical,CWE-732,1,2025,,False,False,False,False,False,False,False,False,False,False,False
ICSA-25-254-06,2025-09-11,False,Siemens,Siemens Industrial Edge Management OS (IEM-OS),High,CWE-770,1,2025,,False,False,False,False,False,False,False,False,False,False,False
ICSA-25-254-07,2025-09-11,False,Siemens,Siemens User Management Component (UMC),Critical,"CWE-121, CWE-125",4,2025,,False,False,False,False,False,False,False,False,False,False,False
ICSA-25-254-08,2025-09-11,False,Schneider Electric,Schneider Electric EcoStruxure,Medium,"CWE-400, CWE-200",2,2025,,False,False,False,False,False,False,False,False,False,False,False
ICSA-25-254-09,2024-06-11,True,Schneider Electric,"Schneider Electric Modicon M340, BMXNOE0100, and BMXNOE0110 (Update A)",Medium,CWE-552,1,2024,,False,False,False,False,False,False,False,False,False,False,False
ICSA-25-254-10,2025-09-11,False,Daikin,Daikin Security Gateway,High,CWE-640,1,2025,,False,False,False,False,False,False,False,False,False,False,False
ICSA-25-259-02,2025-09-16,False,Hitachi Energy,Hitachi Energy RTU500 Series,High,"CWE-476, CWE-354, CWE-611, CWE-122, CWE-190, CWE-776, CWE-121",7,2025,CWE-354,False,False,False,False,True,False,False,False,True,True,False
ICSA-25-259-03,2025-09-16,False,Siemens,"Siemens SIMATIC NET CP, SINEMA, and SCALANCE",High,CWE-190,2,2025,,False,False,False,False,False,False,False,False,False,False,False
ICSA-25-259-05,2025-09-16,False,Siemens,Siemens OpenSSL Vulnerability in Industrial Products,High,CWE-125,1,2025,,False,False,False,False,False,False,False,False,False,False,False
ICSA-25-261-01,2025-09-18,False,Westermo,Westermo Network Technologies WeOS 5,High,CWE-78,1,2025,,False,False,False,False,False,False,False,False,False,False,False
ICSA-25-261-02,2025-09-18,False,Westermo,Westermo Network Technologies WeOS 5,High,CWE-1286,1,2025,,False,False,False,False,False,False,False,False,False,False,False
ICSA-25-261-03,2025-09-18,False,Schneider Electric,Schneider Electric Saitel DR & Saitel DP Remote Terminal Unit,Medium,CWE-78,2,2025,,False,False,False,False,False,False,False,False,False,False,False
ICSA-25-261-04,2025-09-18,False,Hitachi Energy,Hitachi Energy Asset Suite,High,"CWE-918, CWE-502, CWE-312, CWE-400, CWE-601, CWE-287",6,2025,CWE-312,False,False,False,False,False,False,False,True,True,False,False
ICSA-25-261-05,2025-09-18,False,Hitachi Energy,Hitachi Energy Service Suite,Critical,CWE-502,1,2025,,False,False,False,False,False,False,False,False,False,False,False
ICSA-25-266-03,2025-09-23,False,Schneider Electric,Schneider Electric SESU,High,CWE-59,1,2025,,False,False,False,False,False,False,False,False,False,False,False
ICSA-25-273-05,2025-09-30,False,OpenPLC_V3,OpenPLC_V3,Medium,CWE-758,1,2025,,False,False,False,False,False,False,False,False,False,False,False
ICSA-25-275-02,2025-10-02,False,Hitachi Energy,Hitachi Energy MSM Product,High,"CWE-79, CWE-617",2,2025,,False,False,False,False,False,False,False,False,False,False,False
ICSA-25-280-01,2025-10-07,False,Delta Electronics,Delta Electronics DIAScreen,Medium,CWE-787,4,2025,,False,False,False,False,False,False,False,False,False,False,False
ICSA-25-282-01,2025-10-09,False,Hitachi Energy,Hitachi Energy Asset Suite (Update A),Medium,CWE-117,1,2025,,False,False,False,False,False,False,False,False,False,False,False
ICSA-25-289-03,2025-10-16,False,Rockwell Automation,Rockwell Automation FactoryTalk ViewPoint,High,CWE-611,1,2025,,False,False,False,False,False,False,False,False,False,False,False
ICSA-25-289-07,2025-10-16,False,Siemens,Siemens SIMATIC ET 200SP Communication Processors,Critical,CWE-306,1,2025,,False,False,False,False,False,False,False,False,False,False,False
ICSA-25-289-11,2025-10-16,False,Hitachi Energy,Hitachi Energy MACH GWS,High,"CWE-276, CWE-354, CWE-295",3,2025,CWE-295;CWE-354,False,False,False,False,True,False,False,False,True,True,False
ICSA-25-294-03,2025-10-21,False,Siemens,Siemens SIMATIC S7-1200 CPU V1/V2 Devices,High,"CWE-20, CWE-294",2,2025,,False,False,False,False,False,False,False,False,False,False,False
ICSA-25-296-03,2025-10-23,False,Veeder-Root,Veeder-Root TLS4B Automatic Tank Gauge System,Critical,"CWE-77, CWE-190",2,2025,,False,False,False,False,False,False,False,False,False,False,False
ICSA-25-301-01,2025-10-28,False,Schneider Electric,Schneider Electric EcoStruxure,High,CWE-770,1,2025,,False,False,False,False,False,False,False,False,False,False,False
ICSA-25-303-02,2025-10-30,False,Hitachi Energy,Hitachi Energy TropOS,High,"CWE-78, CWE-269",3,2025,,False,False,False,False,False,False,False,False,False,False,False
ICSA-25-308-03,2025-11-04,False,Delta Electronics,Delta Electronics CNCSoft-G2,High,CWE-121,1,2025,,False,False,False,False,False,False,False,False,False,False,False
ICSA-25-317-11,2025-11-13,False,Siemens,Siemens SICAM P850 family and SICAM P855 family,Medium,"CWE-352, CWE-732",2,2025,,False,False,False,False,False,False,False,False,False,False,False
ICSA-25-317-12,2025-11-13,False,Siemens,Siemens Spectrum Power 4,High,"CWE-648, CWE-266, CWE-732, CWE-829",5,2025,,False,False,False,False,False,False,False,False,False,False,False
ICSA-25-322-01,2025-11-18,False,Schneider Electric,Schneider Electric EcoStruxure Machine SCADA Expert & Pro-face BLUE Open Studio,High,CWE-327,1,2025,CWE-327,True,False,False,False,False,False,False,False,True,True,False
ICSA-25-324-05,2025-11-20,False,Festo,Festo Didactic products,High,CWE-20,1,2025,,False,False,False,False,False,False,False,False,False,False,False
ICSA-25-336-01,2025-12-02,False,Industrial Video and Control,Industrial Video & Control Longwatch,Critical,CWE-94,1,2025,,False,False,False,False,False,False,False,False,False,False,False
ICSA-25-336-02,2025-12-02,False,Iskra,Iskra iHUB and iHUB Lite,Critical,CWE-306,1,2025,,False,False,False,False,False,False,False,False,False,False,False
ICSA-25-338-03,2025-12-04,False,Johnson Controls Inc.,Johnson Controls OpenBlue Mobile Web Application for OpenBlue Workplace,Medium,CWE-425,1,2025,,False,False,False,False,False,False,False,False,False,False,False
ICSA-25-338-04,2025-12-04,False,Johnson Controls Inc.,Johnson Controls iSTAR,High,CWE-298,1,2025,CWE-298,False,False,False,False,True,False,False,False,True,True,False
ICSA-25-338-06,2025-12-04,False,SolisCloud,SolisCloud Monitoring Platform,High,CWE-639,1,2025,,False,False,False,False,False,False,False,False,False,False,False
ICSA-25-343-01,2025-12-09,False,U-Boot,Universal Boot Loader (U-Boot) (Update A),High,CWE-1274,1,2025,,False,False,False,False,False,False,False,False,False,False,False
ICSA-25-343-02,2025-12-09,False,Festo SE & Co. KG,Festo LX Appliance,Medium,CWE-79,1,2025,,False,False,False,False,False,False,False,False,False,False,False
ICSA-25-345-01,2025-12-11,False,Johnson Controls Inc.,Johnson Controls iSTAR,High,CWE-78,2,2025,,False,False,False,False,False,False,False,False,False,False,False
ICSA-25-345-02,2025-12-11,False,Johnson Controls Inc.,Johnson Controls iSTAR Ultra,High,CWE-78,2,2025,,False,False,False,False,False,False,False,False,False,False,False
ICSA-25-345-08,2025-12-11,False,Siemens,Siemens Energy Services,High,CWE-288,1,2025,,False,False,False,False,False,False,False,False,False,False,False
ICSA-25-345-09,2025-12-11,False,Siemens,Siemens Gridscale X Prepay,Medium,"CWE-204, CWE-294",2,2025,,False,False,False,False,False,False,False,False,False,False,False
ICSA-25-345-10,2025-12-11,False,OpenPLC_V3,OpenPLC_V3 (Update A),High,"CWE-1188, CWE-256, CWE-352, CWE-862",4,2025,CWE-256,False,False,True,False,False,False,False,False,True,True,False
ICSA-25-350-03,2025-12-16,False,Hitachi Energy,"Hitachi Energy AFS, AFR and AFF Series",Critical,CWE-924,1,2025,,False,False,False,False,False,False,False,False,False,False,False
ICSA-25-352-01,2025-12-18,False,Inductive Automation,Inductive Automation Ignition (Update A),Medium,CWE-250,1,2025,,False,False,False,False,False,False,False,False,False,False,False
ICSA-25-352-02,2025-12-18,False,Schneider Electric,Schneider Electric EcoStruxure Foxboro DCS Advisor,Critical,CWE-502,1,2025,,False,False,False,False,False,False,False,False,False,False,False
ICSA-25-352-05,2025-12-18,False,Siemens,Siemens Interniche IP-Stack,High,CWE-940,1,2025,,False,False,False,False,False,False,False,False,False,False,False
ICSA-25-352-06,2025-12-18,False,Advantech,Advantech WebAccess/SCADA,High,"CWE-22, CWE-36, CWE-434, CWE-89",5,2025,,False,False,False,False,False,False,False,False,False,False,False
ICSA-26-008-01,2026-01-08,True,Hitachi Energy,Hitachi Energy Asset Suite,Critical,CWE-502,1,2026,,False,False,False,False,False,False,False,False,False,False,False
ICSA-26-015-03,2026-01-15,True,Siemens,Siemens TeleControl Server Basic,High,CWE-250,1,2026,,False,False,False,False,False,False,False,False,False,False,False
ICSA-26-015-04,2026-01-15,True,Siemens,Siemens SIMATIC and SIPLUS products,High,CWE-400,1,2026,,False,False,False,False,False,False,False,False,False,False,False
ICSA-26-015-08,2026-01-15,True,Siemens,Siemens Industrial Edge Devices,Critical,CWE-639,1,2026,,False,False,False,False,False,False,False,False,False,False,False
ICSA-26-015-10,2026-01-13,True,Schneider Electric,Schneider Electric EcoStruxure Power Build Rapsody (Update A),High,"CWE-415, CWE-416",2,2026,,False,False,False,False,False,False,False,False,False,False,False
ICSA-26-015-12,2026-01-15,True,Siemens,Siemens SIMATIC CN 4100,High,"CWE-200, CWE-284, CWE-311, CWE-77",5,2026,CWE-311,False,False,False,False,False,False,False,True,True,False,False
ICSA-26-020-01,2026-01-20,True,Schneider Electric,Schneider Electric EcoStruxure Foxboro DCS,Medium,CWE-200,1,2026,,False,False,False,False,False,False,False,False,False,False,False
ICSA-26-020-02,2026-01-20,True,Schneider Electric,Schneider Electric devices using CODESYS Runtime,High,"CWE-119, CWE-121, CWE-1288, CWE-20, CWE-307, CWE-354, CWE-427, CWE-552, CWE-668, CWE-787, CWE-822, CWE-924",37,2026,CWE-354,False,False,False,False,True,False,False,False,True,True,False
ICSA-26-022-01,2026-01-13,True,Schneider Electric,Schneider Electric EcoStruxure Process Expert (Update A),High,CWE-276,1,2026,,False,False,False,False,False,False,False,False,False,False,False
ICSA-26-022-03,2026-01-22,True,Rockwell Automation,Rockwell Automation CompactLogix 5370,Medium,CWE-1284,1,2026,,False,False,False,False,False,False,False,False,False,False,False
ICSA-26-022-04,2026-01-22,True,Johnson Controls Inc.,Johnson Controls Inc. iSTAR Configuration Utility (ICU) tool,High,CWE-121,1,2026,,False,False,False,False,False,False,False,False,False,False,False
ICSA-26-022-06,2026-01-22,True,Hubitat,Hubitat Elevation Hubs,Critical,CWE-639,1,2026,,False,False,False,False,False,False,False,False,False,False,False
ICSA-26-022-07,2026-01-22,True,Delta Electronics,Delta Electronics DIAView,High,CWE-77,1,2026,,False,False,False,False,False,False,False,False,False,False,False
ICSA-26-027-02,2026-01-27,True,Festo Didactic SE,Festo Didactic SE MES PC,Critical,"CWE-732, CWE-126, CWE-79, CWE-20, CWE-229, CWE-400, CWE-88, CWE-415, CWE-120, CWE-416, CWE-200, CWE-125, CWE-170, CWE-131, CWE-24, CWE-617, CWE-89, CWE-916, CWE-787, CWE-266, CWE-94, CWE-287, CWE-121, CWE-476, CWE-909, CWE-626, CWE-119, CWE-281, CWE-444, CWE-190, CWE-674, CWE-601, CWE-113, CWE-74, CWE-590, CWE-908, CWE-159, CWE-1173, CWE-77",139,2026,CWE-916,True,False,False,False,False,False,False,False,True,True,False
ICSA-26-027-03,2026-01-27,True,Schneider Electric,Schneider Electric Zigbee Products,Medium,"CWE-120, CWE-400",5,2026,,False,False,False,False,False,False,False,False,False,False,False
ICSA-26-027-04,2026-01-27,True,Johnson Controls Inc.,Johnson Controls Products,Critical,CWE-77,1,2026,,False,False,False,False,False,False,False,False,False,False,False
ICSA-26-029-03,2026-01-29,True,Rockwell Automation,Rockwell Automation ControlLogix,High,CWE-401,1,2026,,False,False,False,False,False,False,False,False,False,False,False
ICSA-26-034-03,2026-02-03,True,RISS SRL,RISS SRL MOMA Seismic Station,Critical,CWE-306,1,2026,,False,False,False,False,False,False,False,False,False,False,False
ICSA-26-034-04,2026-02-03,True,Synectix,Synectix LAN 232 TRIO,Critical,CWE-306,1,2026,,False,False,False,False,False,False,False,False,False,False,False
ICSA-26-036-05,2026-02-05,True,Hitachi Energy,Hitachi Energy XMC20,Critical,CWE-924,1,2026,,False,False,False,False,False,False,False,False,False,False,False
ICSA-26-036-06,2026-02-05,True,Hitachi Energy,Hitachi Energy FOX61x,Critical,CWE-924,1,2026,,False,False,False,False,False,False,False,False,False,False,False
ICSA-26-041-01,2026-02-10,True,Yokogawa,Yokogawa FAST/TOOLS,High,"CWE-209, CWE-29, CWE-291, CWE-319, CWE-327, CWE-352, CWE-358, CWE-359, CWE-497, CWE-86",14,2026,CWE-319;CWE-327,True,False,False,False,False,False,False,True,True,True,False
ICSA-26-043-01,2026-02-12,True,Siemens,Siemens SINEC NMS,High,CWE-427,2,2026,,False,False,False,False,False,False,False,False,False,False,False
ICSA-26-043-02,2026-02-12,True,Siemens,Siemens Polarion,High,CWE-79,1,2026,,False,False,False,False,False,False,False,False,False,False,False
ICSA-26-043-06,2026-02-12,True,Siemens,Siemens SINEC OS,Critical,"CWE-119, CWE-121, CWE-124, CWE-125, CWE-126, CWE-1341, CWE-190, CWE-20, CWE-200, CWE-22, CWE-284, CWE-295, CWE-306, CWE-340, CWE-385, CWE-415, CWE-416, CWE-476, CWE-590, CWE-680, CWE-682, CWE-697, CWE-770, CWE-787",51,2026,CWE-295;CWE-340,False,False,False,False,True,True,False,False,True,True,False
ICSA-26-043-09,2026-02-12,True,Hitachi Energy,Hitachi Energy SuprOS,High,CWE-1392,1,2026,,False,False,False,False,False,False,False,False,False,False,False
ICSA-26-043-10,2026-02-12,True,Airleader GmbH,Airleader Master,Critical,CWE-434,1,2026,,False,False,False,False,False,False,False,False,False,False,False
ICSA-26-048-03,2026-02-17,True,GE Vernova,GE Vernova Enervista UR Setup,High,"CWE-35, CWE-427",2,2026,,False,False,False,False,False,False,False,False,False,False,False
ICSA-26-050-02,2026-02-19,True,Valmet,Valmet DNA Engineering Web Tools,High,CWE-22,1,2026,,False,False,False,False,False,False,False,False,False,False,False
ICSA-26-050-04,2026-02-19,True,Welker,Welker OdorEyes EcoSystem Pulse Bypass System with XL4 Controller,High,CWE-306,1,2026,,False,False,False,False,False,False,False,False,False,False,False
ICSA-26-055-01,2026-02-24,True,InSAT,InSAT MasterSCADA BUK-TS,Critical,"CWE-78, CWE-89",2,2026,,False,False,False,False,False,False,False,False,False,False,False
ICSA-26-055-02,2026-02-24,True,Schneider Electric,Schneider Electric EcoStruxure Building Operation Workstation,High,"CWE-611, CWE-94",2,2026,,False,False,False,False,False,False,False,False,False,False,False
ICSA-26-057-02,2026-02-26,True,"Pelco, Inc.","Pelco, Inc. Sarix Pro 3 Series IP Cameras",High,CWE-288,1,2026,,False,False,False,False,False,False,False,False,False,False,False
ICSA-26-057-03,2026-02-26,True,CloudCharge,CloudCharge cloudcharge.se,Critical,"CWE-306, CWE-307, CWE-522, CWE-613",4,2026,CWE-522,False,False,True,False,False,False,False,False,True,True,True
ICSA-26-057-04,2026-02-26,True,EV2GO,EV2GO EV Charging Platform,Critical,"CWE-306, CWE-307, CWE-522, CWE-613",4,2026,CWE-522,False,False,True,False,False,False,False,False,True,True,True
ICSA-26-057-05,2026-02-26,True,Chargemap,Chargemap EV Charging Platform,Critical,"CWE-306, CWE-307, CWE-522, CWE-613",4,2026,CWE-522,False,False,True,False,False,False,False,False,True,True,True
ICSA-26-057-06,2026-02-26,True,SWTCH EV,SWTCH EV swtchenergy.com (Update A),Critical,"CWE-306, CWE-307, CWE-613, CWE-522",4,2026,CWE-522,False,False,True,False,False,False,False,False,True,True,True
ICSA-26-057-07,2026-02-26,True,EV Energy,EV Energy Charging Platform,Critical,"CWE-306, CWE-307, CWE-522, CWE-613",4,2026,CWE-522,False,False,True,False,False,False,False,False,True,True,True
ICSA-26-057-08,2026-02-26,True,Mobility46,Mobility46 EV Charging Platform,Critical,"CWE-306, CWE-307, CWE-522, CWE-613",4,2026,CWE-522,False,False,True,False,False,False,False,False,True,True,True
ICSA-26-062-02,2026-03-03,True,Hitachi Energy,Hitachi Energy Relion REB500 Product,Medium,CWE-267,2,2026,,False,False,False,False,False,False,False,False,False,False,False
ICSA-26-062-04,2026-03-03,True,Portwell,Portwell Engineering Toolkits,High,CWE-119,1,2026,,False,False,False,False,False,False,False,False,False,False,False
ICSA-26-062-05,2026-03-03,True,Labkotec,Labkotec LID-3300IP,Critical,CWE-306,1,2026,,False,False,False,False,False,False,False,False,False,False,False
ICSA-26-062-06,2026-03-03,True,Mobiliti,Mobiliti e‑mobi EV Charging Platform,Critical,"CWE-306, CWE-307, CWE-522, CWE-613",4,2026,CWE-522,False,False,True,False,False,False,False,False,True,True,True
ICSA-26-062-07,2026-03-03,True,ePower,ePower EV Charging Platform,Critical,"CWE-306, CWE-307, CWE-522, CWE-613",4,2026,CWE-522,False,False,True,False,False,False,False,False,True,True,True
ICSA-26-062-08,2026-03-03,True,Everon,Everon EV Charging Platform,Critical,"CWE-306, CWE-307, CWE-522, CWE-613",4,2026,CWE-522,False,False,True,False,False,False,False,False,True,True,True
ICSA-26-071-02,2026-03-12,True,Siemens,Siemens RUGGEDCOM APE1808 Devices,Critical,"CWE-134, CWE-288, CWE-444, CWE-940",4,2026,,False,False,False,False,False,False,False,False,False,False,False
ICSA-26-071-04,2026-03-12,True,Siemens,Siemens SIMATIC,Critical,CWE-79,1,2026,,False,False,False,False,False,False,False,False,False,False,False
ICSA-26-076-02,2026-03-17,True,Schneider Electric,Schneider Electric SCADAPack and RemoteConnect,Critical,CWE-754,1,2026,,False,False,False,False,False,False,False,False,False,False,False
ICSA-26-076-03,2026-03-17,True,Schneider Electric,Schneider Electric EcoStruxure IT Data Center Expert,High,CWE-798,1,2026,CWE-798,False,True,False,False,False,False,False,False,True,True,False
ICSA-26-078-01,2026-03-19,True,Schneider Electric,"Schneider Electric Modicon M241, M251, and M262",Medium,CWE-404,1,2026,,False,False,False,False,False,False,False,False,False,False,False
ICSA-26-078-02,2026-03-19,True,Schneider Electric,"Schneider Electric Modicon Controllers M241, M251, M258, and LMC058",Medium,CWE-79,1,2026,,False,False,False,False,False,False,False,False,False,False,False
ICSA-26-078-03,2026-03-19,True,Schneider Electric,Schneider Electric EcoStruxure Automation Expert,High,CWE-94,1,2026,,False,False,False,False,False,False,False,False,False,False,False
ICSA-26-078-04,2026-03-19,True,Schneider Electric,Schneider Electric EcoStruxure PME and EPO,High,CWE-502,1,2026,,False,False,False,False,False,False,False,False,False,False,False
ICSA-26-078-06,2026-03-19,True,CTEK,CTEK Chargeportal,Critical,"CWE-306, CWE-307, CWE-522, CWE-613",4,2026,CWE-522,False,False,True,False,False,False,False,False,True,True,True
ICSA-26-078-07,2026-03-19,True,IGL-Technologies,IGL-Technologies eParking.fi,Critical,"CWE-306, CWE-307, CWE-522, CWE-613",4,2026,CWE-522,False,False,True,False,False,False,False,False,True,True,False
ICSA-26-083-02,2026-03-24,True,Schneider Electric,Schneider Electric EcoStruxure Foxboro DCS,Medium,CWE-502,1,2026,,False,False,False,False,False,False,False,False,False,False,False
ICSA-26-083-03,2026-03-24,True,Schneider Electric,Schneider Electric Plant iT/Brewmaxx,Critical,"CWE-190, CWE-416, CWE-94",4,2026,,False,False,False,False,False,False,False,False,False,False,False
ICSA-26-085-01,2026-03-26,True,WAGO,WAGO GmbH & Co. KG Industrial Managed Switches,Critical,CWE-912,1,2026,,False,False,False,False,False,False,False,False,False,False,False
ICSA-26-092-02,2026-04-02,True,Yokogawa,Yokogawa CENTUM VP,Medium,CWE-259,1,2026,CWE-259,False,True,False,False,False,False,False,False,True,True,False
ICSA-26-099-01,2026-04-09,True,Contemporary Controls Sedona Alliance,Contemporary Controls BASC 20T,Critical,CWE-807,1,2026,,False,False,False,False,False,False,False,False,False,False,False
ICSA-26-099-02,2026-04-09,True,GPL Odorizers,GPL Odorizers GPL750,High,CWE-306,1,2026,,False,False,False,False,False,False,False,False,False,False,False
ICSA-26-106-03,2026-04-16,True,Anviz,Anviz Multiple Products,Critical,"CWE-23, CWE-306, CWE-319, CWE-321, CWE-494, CWE-757, CWE-77, CWE-862, CWE-940",12,2026,CWE-319;CWE-321;CWE-757,True,True,False,False,False,False,False,True,True,True,False
ICSA-26-111-01,2026-04-21,True,Siemens,Siemens TPM 2.0,Medium,CWE-125,1,2026,,False,False,False,False,False,False,False,False,False,False,False
ICSA-26-111-05,2026-04-21,True,Hardy Barth,Hardy Barth Salia EV Charge Controller (Update A),High,CWE-434,2,2026,,False,False,False,False,False,False,False,False,False,False,True
ICSA-26-111-12,2026-04-21,True,SenseLive,SenseLive X3050,Critical,"CWE-288, CWE-306, CWE-319, CWE-352, CWE-522, CWE-613, CWE-798, CWE-862",11,2026,CWE-319;CWE-522;CWE-798,False,True,True,False,False,False,False,True,True,True,False
ICSA-26-120-01,2026-04-30,True,ABB,"ABB System 800xA, Symphony Plus IEC 61850",Medium,CWE-1284,1,2026,,False,False,False,False,False,False,False,False,False,False,False
ICSA-26-120-04,2026-04-30,True,ABB,ABB Ability OPTIMAX,High,CWE-303,1,2026,,False,False,False,False,False,False,False,False,False,False,False
ICSA-26-120-06,2026-04-30,True,ABB,ABB Ability Symphony Plus Engineering,High,"CWE-190, CWE-89, CWE-367, CWE-271",4,2026,,False,False,False,False,False,False,False,False,False,False,False
ICSA-26-125-01,2026-05-05,True,Hitachi Energy,Hitachi Energy PCM600,Medium,CWE-22,1,2026,,False,False,False,False,False,False,False,False,False,False,False
ICSA-26-125-02,2026-05-05,True,B&R Industrial Automation GmbH,ABB B&R PVI,Medium,CWE-532,1,2026,,False,False,False,False,False,False,False,False,False,False,False
ICSA-26-125-05,2026-05-05,True,Johnson Controls Inc.,Johnson Controls CEM AC2000,High,CWE-427,1,2026,,False,False,False,False,False,False,False,False,False,False,False
ICSA-26-132-02,2026-05-12,True,Subnet Solutions Inc.,Subnet Solutions PowerSYSTEM Center,High,"CWE-863, CWE-93",4,2026,,False,False,False,False,False,False,False,False,False,False,False
ICSA-26-132-03,2026-05-12,True,ABB,ABB AC500 V3 Multiple Vulnerabilities,High,"CWE-425, CWE-476, CWE-732",3,2026,,False,False,False,False,False,False,False,False,False,False,False
ICSA-26-132-04,2026-05-12,True,ABB,ABB Automation Builder Gateway for Windows,Medium,CWE-1188,1,2026,,False,False,False,False,False,False,False,False,False,False,False
ICSA-26-132-05,2026-05-12,True,ABB,ABB AC500 V3 Stack buffer overflow in Cryptographic Message Syntax,Critical,CWE-787,1,2026,,False,False,False,False,False,False,False,False,False,False,False
ICSA-26-132-06,2026-05-12,True,ABB,ABB WebPro SNMP Card PowerValue,High,"CWE-303, CWE-613, CWE-754",3,2026,,False,False,False,False,False,False,False,False,False,False,False
ICSA-26-134-06,2026-05-14,True,Siemens,Siemens Industrial Devices,High,CWE-476,1,2026,,False,False,False,False,False,False,False,False,False,False,False
ICSA-26-134-07,2026-05-14,True,Siemens,Siemens SIMATIC,High,CWE-1188,1,2026,,False,False,False,False,False,False,False,False,False,False,False
ICSA-26-134-10,2026-05-14,True,Siemens,Siemens SIMATIC CN 4100,Critical,"CWE-476, CWE-617, CWE-416, CWE-787, CWE-190, CWE-770, CWE-125, CWE-385, CWE-121, CWE-407, CWE-401, CWE-119, CWE-20, CWE-667, CWE-674, CWE-805, CWE-366, CWE-820, CWE-908, CWE-415, CWE-772, CWE-835, CWE-911, CWE-664, CWE-362, CWE-394, CWE-369, CWE-1285, CWE-1025, CWE-208, CWE-1286, CWE-833, CWE-364, CWE-573, CWE-273, CWE-402, CWE-404, CWE-284, CWE-200, CWE-23, CWE-150, CWE-757, CWE-400, CWE-79, CWE-306, CWE-754",171,2026,CWE-757,True,False,False,False,False,False,False,False,True,True,False
ICSA-26-134-14,2026-05-14,True,Siemens,Siemens SENTRON 7KT PAC1261 Data Manager,Critical,CWE-444,1,2026,,False,False,False,False,False,False,False,False,False,False,False
ICSA-26-134-15,2026-05-14,True,Siemens,Siemens SIMATIC S7 PLC Web Server,Critical,CWE-79,3,2026,,False,False,False,False,False,False,False,False,False,False,False
ICSA-26-139-03,2026-05-19,True,ScadaBR,ScadaBR,Critical,"CWE-306, CWE-352, CWE-78, CWE-798",4,2026,CWE-798,False,True,False,False,False,False,False,False,True,True,False
ICSA-26-141-02,2026-05-21,True,B&R Industrial Automation GmbH,ABB B&R PCs,High,"CWE-119, CWE-125, CWE-338, CWE-835",9,2026,CWE-338,False,False,False,False,False,True,False,False,True,True,False
ICSA-26-141-03,2026-05-21,True,B&R Industrial Automation GmbH,ABB B&R Automation Studio,Critical,"CWE-119, CWE-120, CWE-122, CWE-125, CWE-190, CWE-197, CWE-20, CWE-200, CWE-286, CWE-416, CWE-476, CWE-674, CWE-754, CWE-787",25,2026,,False,False,False,False,False,False,False,False,False,False,False
ICSA-26-141-04,2026-05-21,True,B&R Industrial Automation GmbH,ABB B&R Automation Runtime,Medium,"CWE-1236, CWE-340, CWE-79",3,2026,CWE-340,False,False,False,False,False,True,False,False,True,True,False
ICSA-26-141-05,2026-05-21,True,ABB,ABB Terra AC Wallbox,Medium,"CWE-120, CWE-121, CWE-122",3,2026,,False,False,False,False,False,False,False,False,False,False,True
ICSA-26-146-01,2026-05-26,True,ABB,ABB Terra AC,Medium,CWE-122,1,2026,,False,False,False,False,False,False,False,False,False,False,False
ICSA-26-146-02,2026-05-26,True,ABB,ABB AC500 V2,Medium,CWE-126,1,2026,,False,False,False,False,False,False,False,False,False,False,False
ICSA-26-146-03,2026-05-26,True,ABB,ABB Ability Zenon Remote Transport Vulnerability (Update A),High,CWE-306,1,2026,,False,False,False,False,False,False,False,False,False,False,False
ICSA-26-146-04,2026-05-26,True,B&R Industrial Automation GmbH,ABB B&R Automation Runtime DoS Vulnerability in System Diagnostics Manager,Critical,CWE-413,1,2026,,False,False,False,False,False,False,False,False,False,False,False
ICSA-26-146-05,2026-05-26,True,ABB,ABB Ability Camera Connect,Critical,"CWE-119, CWE-122, CWE-125, CWE-190, CWE-191, CWE-193, CWE-415, CWE-416, CWE-427, CWE-787",22,2026,,False,False,False,False,False,False,False,False,False,False,False
ICSA-26-146-06,2026-05-26,True,ABB,ABB LVS MConfig,High,CWE-316,1,2026,,False,False,False,False,False,False,False,False,False,False,False
ICSA-26-148-07,2026-05-28,True,Schneider Electric,Schnieider Electric EcoStruxure Machine Expert HVAC,Medium,CWE-312,1,2026,CWE-312,False,False,False,False,False,False,False,True,True,False,False
ICSA-26-155-02,2026-06-04,True,Hitachi Energy,Hitachi Energy ITT600 Explorer,High,"CWE-674, CWE-770",2,2026,,False,False,False,False,False,False,False,False,False,False,False
ICSA-26-155-03,2026-06-04,True,B&R Industrial Automation GmbH,B&R PPT30 Operating System,High,CWE-770,1,2026,,False,False,False,False,False,False,False,False,False,False,False
ICSA-26-155-04,2026-06-04,True,Hitachi Energy,Hitachi Energy RTU500,High,"CWE-190, CWE-476, CWE-835",7,2026,,False,False,False,False,False,False,False,False,False,False,False
ICSA-26-155-05,2026-06-04,True,Hitachi Energy,Hitachi Energy MACH HiDraw,Medium,CWE-122,1,2026,,False,False,False,False,False,False,False,False,False,False,False
ICSA-26-160-01,2026-06-09,True,Schneider Electric,Schneider Electric Modicon Network Managed Switches,High,CWE-924,1,2026,,False,False,False,False,False,False,False,False,False,False,False
ICSA-26-160-02,2026-06-09,True,Siemens,Siemens KACO Blueplanet Inverters,High,"CWE-321, CWE-89",2,2026,CWE-321,False,True,False,False,False,False,False,False,True,True,False
ICSA-26-160-03,2026-06-09,True,Schneider Electric,Schneider Electric EcoStruxure Panel Server,Critical,CWE-1188,1,2026,,False,False,False,False,False,False,False,False,False,False,False
ICSA-26-167-02,2026-06-16,True,Rockwell Automation,Rockwell Automation RSLinx,High,CWE-125,1,2026,,False,False,False,False,False,False,False,False,False,False,False
ICSA-26-167-03,2026-06-16,True,Rockwell Automation,Rockwell Automation Logix 5370 & 5570 Controllers Vulnerable To Denial of Service Via CIP,High,CWE-404,1,2026,,False,False,False,False,False,False,False,False,False,False,False
ICSA-26-167-04,2026-06-16,True,Rockwell Automation,Rockwell Automation CompactLogix,High,"CWE-354, CWE-497",2,2026,CWE-354,False,False,False,False,True,False,False,False,True,True,False
ICSA-26-169-04,2026-06-18,True,Schneider Electric,Schneider Electric EasyLogic T150 and Saitel DP,High,CWE-22,1,2026,,False,False,False,False,False,False,False,False,False,False,False
ICSA-26-169-07,2026-05-12,True,Schneider Electric,"Schneider Electric Easergy, EcoStruxture, PowerLogic, and Saitel Products (Update A)",High,CWE-331,1,2026,CWE-331,False,False,False,False,False,True,False,False,True,True,False
ICSA-26-174-01,2026-06-23,True,Siemens,Siemens WinCC Certificate Manager,High,CWE-313,1,2026,,False,False,False,False,False,False,False,False,False,False,False
ICSA-26-174-02,2026-06-23,True,Siemens,Siemens SIPROTEC 5 Using DIGSI5 Protocol,Medium,CWE-434,1,2026,,False,False,False,False,False,False,False,False,False,False,False
ICSA-26-174-03,2026-06-23,True,Siemens,Siemens Products using OpenSSL,Critical,CWE-787,1,2026,,False,False,False,False,False,False,False,False,False,False,False
ICSA-26-174-04,2026-06-23,True,Siemens,Siemens SINEC INS,High,"CWE-250, CWE-26, CWE-760, CWE-78",4,2026,CWE-760,True,False,False,False,False,False,False,False,True,True,False
ICSA-26-174-05,2026-06-23,True,ABB,ABB Freelance Security Lock,Medium,CWE-305,1,2026,,False,False,False,False,False,False,False,False,False,False,False
ICSA-26-174-07,2026-06-23,True,Hubbell,Hubbell Aclara Metrum Cellular Web Interface,High,CWE-306,1,2026,,False,False,False,False,False,False,False,False,False,False,False
ICSA-26-176-01,2026-06-25,True,Yokogawa,Yokogawa FAST/TOOLS and CI Server,High,CWE-319,1,2026,CWE-319,False,False,False,False,False,False,False,True,True,False,False
ICSA-26-176-02,2026-06-25,True,EVoke Systems,EVoke Systems Charging Station Management System,Critical,"CWE-306, CWE-307, CWE-522, CWE-613",4,2026,CWE-522,False,False,True,False,False,False,False,False,True,True,True
ICSA-26-176-07,2026-06-25,True,Schneider Electric,Schneider Electric PowerLogic P7,High,"CWE-476, CWE-617, CWE-78",3,2026,,False,False,False,False,False,False,False,False,False,False,False
ICSA-26-181-02,2026-06-30,True,Frangoteam,Frangoteam FUXA SCADA/HMI,High,CWE-290,1,2026,,False,False,False,False,False,False,False,False,False,False,False
ICSA-26-181-03,2026-06-30,True,Schneider Electric,Schneider Electric EcoStruxure IT Data Center Expert,Medium,CWE-611,1,2026,,False,False,False,False,False,False,False,False,False,False,False
ICSA-26-181-04,2026-06-30,True,Schneider Electric,Schneider Electric EasyLogic T150 and Saitel DP RTU,High,"CWE-522, CWE-732",2,2026,CWE-522,False,False,True,False,False,False,False,False,True,True,False
ICSA-26-181-06,2026-06-30,True,StoneFly,StoneFly Storage Concentrator,Critical,"CWE-78, CWE-79, CWE-798, CWE-89",5,2026,CWE-798,False,True,False,False,False,False,False,False,True,True,False
ICSA-26-183-01,2026-07-02,True,ST Engineering iDirect,ST Engineering iDirect iQ-Series Terminals (Update A),High,"CWE-306, CWE-352, CWE-497, CWE-862",4,2026,,False,False,False,False,False,False,False,False,False,False,False
ICSA-26-188-02,2026-07-07,True,Hitachi Energy,Hitachi Energy PROMOD V,High,CWE-1428,1,2026,,False,False,False,False,False,False,False,False,False,False,False
ICSA-26-188-03,2026-07-07,True,Hitachi Energy,Hitachi Energy e-mesh EMS,High,CWE-122,1,2026,,False,False,False,False,False,False,False,False,False,False,False
ICSA-26-188-04,2026-07-07,True,Siemens,Siemens Mendix Studio Pro,Medium,CWE-94,1,2026,,False,False,False,False,False,False,False,False,False,False,False
ICSA-26-188-05,2026-07-07,True,Siemens,Siemens SINEC OS,Critical,"CWE-119, CWE-121, CWE-125, CWE-1321, CWE-1335, CWE-1341, CWE-190, CWE-20, CWE-201, CWE-22, CWE-271, CWE-284, CWE-305, CWE-362, CWE-385, CWE-404, CWE-407, CWE-451, CWE-476, CWE-489, CWE-525, CWE-625, CWE-674, CWE-73, CWE-787, CWE-79, CWE-820, CWE-825, CWE-835, CWE-911",77,2026,,False,False,False,False,False,False,False,False,False,False,False
ICSA-26-188-06,2026-07-07,True,Labcenter Electronics,Labcenter Proteus 9,High,"CWE-121, CWE-416, CWE-787",3,2026,,False,False,False,False,False,False,False,False,False,False,False
ICSA-26-190-01,2026-07-09,True,OpenPLC,OpenPLC v3,Critical,CWE-73,1,2026,,False,False,False,False,False,False,False,False,False,False,False
ICSA-26-190-02,2026-07-09,True,"SuSE, Schneider Electric, Red Hat, Microsoft",Schneider Electric PowerChute Serial Shutdown,Medium,"CWE-116, CWE-1284, CWE-22, CWE-307, CWE-400, CWE-532, CWE-93",7,2026,,False,False,False,False,False,False,False,False,False,False,False
ICSA-26-190-03,2026-07-09,True,Schneider Electric,Schneider Electric Easergy MiCOM Px40 Series,Medium,CWE-798,1,2026,CWE-798,False,True,False,False,False,False,False,False,True,True,False
ICSA-26-195-01,2026-07-14,True,ABB,ABB Advant Master Online Builder,Medium,CWE-427,1,2026,,False,False,False,False,False,False,False,False,False,False,False
ICSA-26-195-04,2026-07-14,True,Rockwell Automation,Rockwell Automation 1715-AENTR EtherNet/IP Adapter,Critical,CWE-306,1,2026,,False,False,False,False,False,False,False,False,False,False,False
ICSA-26-197-05,2026-07-16,True,Siemens,Siemens SICAM 8,High,"CWE-1188, CWE-489, CWE-620",4,2026,,False,False,False,False,False,False,False,False,False,False,False
ICSA-26-197-06,2026-07-16,True,Rockwell Automation,"Rockwell Automation CompactLogix, ControlLogix, Compact GuardLogix and GuardLogix",High,CWE-120,3,2026,,False,False,False,False,False,False,False,False,False,False,False
ICSA-26-202-05,2026-07-21,True,Siemens,Siemens IAM Client,Medium,CWE-426,1,2026,,False,False,False,False,False,False,False,False,False,False,False
ICSA-26-202-06,2026-07-21,True,Siemens,Siemens CADRA,Critical,"CWE-120, CWE-1335, CWE-190, CWE-20, CWE-787, CWE-843",11,2026,,False,False,False,False,False,False,False,False,False,False,False
ICSA-26-204-04,2026-07-23,True,Pronetiqs,Panduit IntraVUE,Critical,"CWE-256, CWE-326, CWE-441, CWE-497",5,2026,CWE-256;CWE-326,True,False,True,False,False,False,False,False,True,True,False
ICSA-26-204-05,2026-07-23,True,Rockwell Automation,Rockwell Automation ThinManager,High,CWE-22,1,2026,,False,False,False,False,False,False,False,False,False,False,False
ICSA-26-204-06,2026-07-23,True,MZ Automation GmbH,MZ Automation libIEC61850,High,"CWE-121, CWE-122, CWE-228, CWE-476",4,2026,,False,False,False,False,False,False,False,False,False,False,False
ICSA-26-204-07,2026-07-23,True,MZ Automation GmbH,MZ Automation lib60870,High,CWE-125,1,2026,,False,False,False,False,False,False,False,False,False,False,False
ICSA-26-209-03,2026-07-28,True,Siemens,Siemens SIMATIC S7-PLCSIM Advanced,High,CWE-770,1,2026,,False,False,False,False,False,False,False,False,False,False,False
ICSA-26-209-04,2026-07-28,True,Siemens,Siemens SIMATIC S7-1500 CPU 1518(F)-4 PN/DP MFP,Critical,"CWE-115, CWE-120, CWE-123, CWE-124, CWE-125, CWE-1285, CWE-1287, CWE-130, CWE-131, CWE-134, CWE-1341, CWE-1421, CWE-158, CWE-159, CWE-166, CWE-170, CWE-190, CWE-20, CWE-213, CWE-237, CWE-252, CWE-256, CWE-266, CWE-269, CWE-304, CWE-311, CWE-358, CWE-360, CWE-362, CWE-364, CWE-366, CWE-367, CWE-369, CWE-372, CWE-392, CWE-401, CWE-402, CWE-404, CWE-413, CWE-416, CWE-457, CWE-459, CWE-476, CWE-478, CWE-489, CWE-573, CWE-617, CWE-667, CWE-669, CWE-672, CWE-674, CWE-681, CWE-704, CWE-763, CWE-772, CWE-787, CWE-789, CWE-805, CWE-820, CWE-821, CWE-822, CWE-824, CWE-825, CWE-833, CWE-835, CWE-841, CWE-843, CWE-908, CWE-909, CWE-911",352,2026,CWE-256;CWE-311,False,False,True,False,False,False,False,True,True,True,False
ICSA-26-211-02,2026-07-30,True,Johnson Controls Inc.,Johnson Controls OpenBlue Employee,Low,"CWE-434, CWE-79, CWE-80",3,2026,,False,False,False,False,False,False,False,False,False,False,False
ICSA-26-211-03,2026-07-30,True,Toptech Systems,Toptech Systems RCU II+ and Multiload II+,High,CWE-306,1,2026,,False,False,False,False,False,False,False,False,False,False,False
ICSA-26-211-04,2026-07-30,True,Schneider Electric,Schneider Electric IGSS,High,CWE-787,1,2026,,False,False,False,False,False,False,False,False,False,False,False
ICSA-26-211-05,2026-07-30,True,Rockwell Automation,Rockwell Automation CompactLogix 5380 ControlLogix 5580 / 1756-EN4TR Communications Module,Medium,CWE-299,1,2026,CWE-299,False,False,False,False,True,False,False,False,True,True,False
ICSA-26-211-08,2026-07-30,True,o6 Automation GmbH,o6 Automation open62541,High,"CWE-190, CWE-191, CWE-416",4,2026,,False,False,False,False,False,False,False,False,False,False,False
ICSA-26-211-10,2026-07-30,True,MZ Automation GmbH,MZ Automation GmbH libiec61850,High,CWE-125,8,2026,,False,False,False,False,False,False,False,False,False,False,False
ICSA-26-211-11,2026-07-30,True,MZ Automation GmbH,MZ Automation lib60870,Medium,CWE-125,2,2026,,False,False,False,False,False,False,False,False,False,False,False
ICSA-26-218-01,2026-08-06,True,ABB,ABB Ability Zenon,High,"CWE-117, CWE-130, CWE-158, CWE-182, CWE-185, CWE-248, CWE-250, CWE-295, CWE-475, CWE-617, CWE-770, CWE-787",13,2026,CWE-295,False,False,False,False,True,False,False,False,True,True,False
ICSA-26-218-02,2026-08-06,True,Johnson Controls Inc.,Johnson Controls Inc. TL280,Medium,CWE-327,1,2026,CWE-327,True,False,False,False,False,False,False,False,True,True,False
ICSA-26-225-02,2026-08-13,True,Haiwell,Haiwell IoT Cloud HMI Gateway,Critical,CWE-78,1,2026,,False,False,False,False,False,False,False,False,False,False,False
ICSA-26-225-03,2026-08-13,True,Johnson Controls Inc.,Johnson Controls Inc. Airwall,Medium,"CWE-321, CWE-73",2,2026,CWE-321,False,True,False,False,False,False,False,False,True,True,False
ICSA-26-225-04,2026-08-13,True,Hitachi Energy,Hitachi Energy APM Edge Product,High,"CWE-123, CWE-787",2,2026,,False,False,False,False,False,False,False,False,False,False,False
ICSA-26-225-05,2026-08-13,True,ANDRITZ,ANDRITZ HIPASE-250 and 250 SCALA,High,"CWE-257, CWE-306, CWE-798",4,2026,CWE-257;CWE-798,False,True,True,False,False,False,False,False,True,True,False
ICSA-26-225-06,2026-08-12,True,Siemens,Siemens RUGGEDCOM APE1808,Medium,"CWE-22, CWE-79",2,2026,,False,False,False,False,False,False,False,False,False,False,False
ICSA-26-225-08,2026-08-13,True,Siemens,Siemens Desigo DXR and PXC Controllers,Medium,CWE-754,1,2026,,False,False,False,False,False,False,False,False,False,False,False
ICSA-26-225-14,2026-08-13,True,Johnson Controls Inc.,Johnson Controls Metasys,High,CWE-79,1,2026,,False,False,False,False,False,False,False,False,False,False,False
ICSA-26-230-02,2026-08-18,True,Siemens,Siemens Simcenter Nastran,High,CWE-121,1,2026,,False,False,False,False,False,False,False,False,False,False,False
ICSA-26-232-01,2026-08-20,True,Johnson Controls Inc.,Johnson Controls Simplex Incident Manager,Medium,CWE-316,1,2026,,False,False,False,False,False,False,False,False,False,False,False
ICSA-26-237-03,2026-08-25,True,Siemens,Siemens SIMATIC IoT2050 Advanced,Critical,CWE-306,1,2026,,False,False,False,False,False,False,False,False,False,False,False
ICSA-26-237-06,2026-08-25,True,Ebyte,Ebyte NE2-D11,Critical,"CWE-1021, CWE-306, CWE-307, CWE-319, CWE-352, CWE-522, CWE-598, CWE-603, CWE-862",11,2026,CWE-319;CWE-522,False,False,True,False,False,False,False,True,True,True,False
ICSA-26-239-04,2026-08-27,True,Applied Systems Engineering,Applied Systems Engineering ASE2000 V2 Communications Test Set,Critical,"CWE-295, CWE-611",2,2026,CWE-295,False,False,False,False,True,False,False,False,True,True,False
ICSA-26-244-03,2026-09-01,True,Rockwell Automation,Rockwell Automation Logix Platform,High,CWE-119,1,2026,,False,False,False,False,False,False,False,False,False,False,False
ICSA-26-244-05,2026-09-01,True,Rockwell Automation,"Rockwell Automation ControlLogix, CompactLogix, CompactLogix 5480, GuardLogix, Compact GuardLogix",High,CWE-835,1,2026,,False,False,False,False,False,False,False,False,False,False,False
ICSA-26-246-01,2026-09-03,True,OPC Foundation,OPC Foundation OPC UA LocalDiscoveryServer (LDS),Medium,CWE-250,1,2026,,False,False,False,False,False,False,False,False,False,False,False
ICSA-26-246-02,2026-09-03,True,IXON,IXON VPN Client,Critical,CWE-93,1,2026,,False,False,False,False,False,False,False,False,False,False,False
ICSA-26-246-03,2026-09-03,True,Rockwell Automation,Rockwell Automation ControlFLASH,High,CWE-306,1,2026,,False,False,False,False,False,False,False,False,False,False,False
ICSA-26-246-06,2026-09-03,True,Inductive Automation,Inductive Automation Ignition,High,CWE-276,1,2026,,False,False,False,False,False,False,False,False,False,False,False
ICSA-26-246-07,2026-09-03,True,Pyramid Solutions,Pyramid Solutions NetStaX EtherNet/IP Stack,Critical,CWE-121,1,2026,,False,False,False,False,False,False,False,False,False,False,False
ICSA-26-246-08,2026-09-03,True,Tycon Systems,Tycon Systems TPDIN-Monitor-WEB3,High,"CWE-352, CWE-798, CWE-862",3,2026,CWE-798,False,True,False,False,False,False,False,False,True,True,False
